Time,THR,RPM,SSM,TWAT,TAIR,AFR,AFR_WBL,AFR_WBL/AFR,COEFF,DGTC_RICH,DGTC_LEAN,DGTC_PRESS,UOZ,FAZ,INJ,InjDC,AIR,GBC,SPD,ErrCnt,Err,fSTOP,fXX,fXXFix,fPOW,fFUELOFF,fDETZONE,fDET,fADS,fLAMREG,fLAM,fLEARN,PXX_ZONE,PRESS,PRESS_RT,KGBC,KGBC_DAD,Marker,fIgnCut,fFlatShift,RawKnock,KnockSPAttnr,KnockSPFilterFreq,KnockSPBaseADC,KnockAttnr,KnockAttnrCorr,RPM40,RPM10,DFRXX,JUFRXX,JFRXX1,JFRXX2,Tchrg,Ktchrg,TBL_UOZ,TBL_AFR,AFR_WBL_A,GBC_MAF,GBC_MAP,AIR_MAF,AIR_MAP,USM,Ubat,DiffFPress,KGTC_DFP,ADCmaf,ADCmap,ADCtwat,ADCtair,ADCtps,ADClam,Gear,ErrEx1,ErrEx2,ErrEx3,Knock,C1Rtrd,C2Rtrd,C3Rtrd,C4Rtrd,C5Rtrd,C6Rtrd,C7Rtrd,C8Rtrd,IWGDC,WGDC,IgnMode,OvercurrCnt,LaunchTime,LaunchRPM,CutOffRPM,CutOffDelta,Noise,ComKnockThld,C1Knock,C2Knock,C3Knock,C4Knock,C5Knock,C6Knock,C7Knock,C8Knock,C1KnockThld,C2KnockThld,C3KnockThld,C4KnockThld,C5KnockThld,C6KnockThld,C7KnockThld,C8KnockThld
0.600,0,784,21,84,54,14.7,13.51,0.919,1,0,0,0,15,312,2.544,1,19,136.5,0,0,0,0,1,0,0,0,0,0,0,0,0,0,0,52.82,34,0.344,1,0,0,0,0,0,0,0,0,0,800,780,800,800,1090,1400,76,0.254,26.5,14.3,12.81,0,136.5,0,19,21,12.819,353.28,1,0.645,0.645,0.586,2.285,0.645,0.02,0,,,,59,0,0,0,0,0,0,0,0,0,0,7,0,0,7000,7000,29,259,1440,88,59,85,90,44,49,0,39321,222,174,239,244,157,115,26222,39321
0.660,0,788,21,84,54,14.7,13.48,0.917,1,0,0,0,14,312,2.544,1,19,136.5,0,0,0,0,1,0,0,0,0,0,0,0,0,0,0,52.82,34,0.344,1,0,0,0,0,0,0,0,0,0,800,790,800,800,1090,1400,76,0.254,26.5,14.3,12.81,0,136.5,0,19,21,12.819,353.28,1,0.645,0.645,0.586,2.285,0.645,0.02,0,,,,52,0,0,0,0,0,0,0,0,0,0,7,0,0,7000,7000,29,259,1440,88,59,81,66,52,49,0,39321,222,174,239,241,157,115,26222,39321
0.720,0,788,21,84,54,14.7,13.47,0.916,1,0,0,0,14,312,2.544,1,19,136.5,0,0,0,0,1,0,0,0,0,0,0,0,0,0,0,52.82,34,0.344,1,0,0,0,0,0,0,0,0,0,800,790,800,800,1090,1400,76,0.254,26.5,14.3,12.81,0,136.5,0,19,21,12.819,353.28,1,0.645,0.645,0.586,2.285,0.645,0.02,0,,,,91,0,0,0,0,0,0,0,0,0,0,7,0,0,7000,7000,29,259,1440,91,59,81,66,52,49,0,39321,225,174,239,241,157,115,26222,39321
0.780,0,786,21,84,54,14.7,13.47,0.916,1,0,0,0,14,312,2.544,1,19,136.5,0,0,0,0,1,0,0,0,0,0,0,0,0,0,0,52.82,34,0.344,1,0,0,0,0,0,0,0,0,0,800,790,800,800,1090,1400,76,0.254,26.5,14.3,13.03,0,136.5,0,19,21,12.819,353.28,1,0.625,0.625,0.586,2.285,0.645,0.02,0,,,,68,0,0,0,0,0,0,0,0,0,0,7,0,0,7000,7000,29,259,1440,91,69,68,66,52,49,0,39321,225,174,236,241,157,115,26222,39321
0.840,0,784,21,84,54,14.7,13.47,0.916,1,0,0,0,15,312,2.544,1,19,136.5,0,0,0,0,1,0,0,0,0,0,0,0,0,0,0,52.82,34,0.344,1,0,0,0,0,0,0,0,0,0,800,780,800,800,1090,1400,76,0.254,26.5,14.3,13.09,0,136.5,0,19,21,12.819,353.28,1,0.625,0.625,0.586,2.285,0.645,0.02,0,,,,45,0,0,0,0,0,0,0,0,0,0,7,0,0,7000,7000,29,259,1440,91,69,68,98,66,45,0,39321,225,174,236,244,160,115,26222,39321
0.900,0,787,21,84,54,14.7,13.47,0.916,1,0,0,0,14,312,2.544,1,19,136.5,0,0,0,0,1,0,0,0,0,0,0,0,0,0,0,52.82,34,0.344,1,0,0,0,0,0,0,0,0,0,800,790,800,800,1090,1400,76,0.254,26.5,14.3,13.03,0,136.5,0,19,21,12.819,353.28,1,0.645,0.645,0.586,2.285,0.645,0.02,0,,,,62,0,0,0,0,0,0,0,0,0,0,7,0,0,7000,7000,29,259,1440,86,62,68,98,66,45,0,39321,225,174,236,244,160,115,26222,39321
0.960,0,792,21,84,54,14.7,13.44,0.914,1,0,0,0,14,312,2.544,1,19,136.5,0,0,0,0,1,0,0,0,0,0,0,0,0,0,0,52.82,34,0.344,1,0,0,0,0,0,0,0,0,0,800,790,800,800,1090,1400,76,0.254,26.5,14.3,12.98,0,136.5,0,19,21,12.819,353.28,1,0.625,0.625,0.586,2.285,0.645,0.02,0,,,,81,0,0,0,0,0,0,0,0,0,0,7,0,0,7000,7000,29,259,1440,86,62,69,81,66,45,0,39321,225,174,233,244,160,115,26222,39321
1.020,0,793,21,84,54,14.7,13.47,0.916,1,0,0,0,14,312,2.544,1,19,136.5,0,0,0,0,1,0,0,0,0,0,0,0,0,0,0,52.82,34,0.344,1,0,0,0,0,0,0,0,0,0,800,790,800,800,1090,1400,76,0.254,26.5,14.3,12.98,0,136.5,0,19,21,12.819,353.28,1,0.645,0.645,0.586,2.285,0.645,0.02,0,,,,85,0,0,0,0,0,0,0,0,0,0,7,0,0,7000,7000,29,259,1440,85,62,69,81,64,47,0,39321,225,174,233,244,160,118,26222,39321
1.080,0,793,21,84,54,14.7,13.47,0.916,1,0,0,0,14,312,2.544,1,19,136.5,0,0,0,0,1,0,0,0,0,0,0,0,0,0,0,52.82,34,0.344,1,0,0,0,0,0,0,0,0,0,800,790,800,800,1090,1400,76,0.254,26.5,14.3,12.86,0,136.5,0,19,21,12.819,353.28,1,0.625,0.625,0.586,2.285,0.645,0.02,0,,,,73,0,0,0,0,0,0,0,0,0,0,7,0,0,7000,7000,29,259,1440,85,62,73,81,64,47,0,39321,225,174,230,244,160,118,26222,39321
1.140,0,796,21,84,54,14.7,13.47,0.916,1,0,0,0,13,312,2.544,1,20,136.5,0,0,0,0,1,0,0,0,0,0,0,0,0,0,0,52.82,34,0.344,1,0,0,0,0,0,0,0,0,0,800,800,800,800,1090,1400,76,0.254,26.5,14.3,12.86,0,136.5,0,20,21,12.819,353.28,1,0.625,0.625,0.586,2.285,0.645,0.02,0,,,,44,0,0,0,0,0,0,0,0,0,0,7,0,0,7000,7000,29,259,1440,85,62,73,78,68,44,0,39321,225,174,230,244,163,118,26222,39321
1.200,0,796,21,84,54,14.7,13.47,0.916,1,0,0,0,13,312,2.544,1,20,136.5,0,0,0,0,1,0,0,0,0,0,0,0,0,0,0,52.82,34,0.344,1,0,0,0,0,0,0,0,0,0,800,800,800,800,1090,1400,76,0.254,26.5,14.3,12.86,0,136.5,0,20,21,12.819,353.28,1,0.625,0.625,0.586,2.285,0.645,0.02,0,,,,69,0,0,0,0,0,0,0,0,0,0,7,0,0,7000,7000,29,259,1440,81,69,73,78,68,44,0,39321,225,174,230,244,163,118,26222,39321
1.260,0,789,21,84,54,14.7,13.47,0.916,1,0,0,0,14,312,2.544,1,19,136.5,0,0,0,0,1,0,0,0,0,0,0,0,0,0,0,52.82,34,0.344,1,0,0,0,0,0,0,0,0,0,800,790,800,800,1090,1400,76,0.254,26.5,14.3,12.81,0,136.5,0,19,21,12.819,353.28,1,0.645,0.645,0.586,2.285,0.645,0.02,0,,,,85,0,0,0,0,0,0,0,0,0,0,7,0,0,7000,7000,29,259,1440,81,69,73,85,68,44,0,39321,225,174,230,244,163,118,26222,39321
1.320,0,786,21,84,54,14.7,13.47,0.916,1,0,0,0,14,312,2.544,1,19,136.5,0,0,0,0,1,0,0,0,0,0,0,0,0,0,0,52.82,34,0.344,1,0,0,0,0,0,0,0,0,0,800,790,800,800,1090,1400,76,0.254,26.5,14.3,12.81,0,136.5,0,19,21,12.819,353.28,1,0.625,0.625,0.586,2.285,0.645,0.02,0,,,,85,0,0,0,0,0,0,0,0,0,0,7,0,0,7000,7000,29,259,1440,85,69,73,85,62,40,0,39321,225,174,230,244,163,118,26222,39321
1.380,0,783,21,84,54,14.7,13.47,0.916,1,0,0,0,15,312,2.544,1,19,136.5,0,0,0,0,1,0,0,0,0,0,0,0,0,0,0,52.82,34,0.344,1,0,0,0,0,0,0,0,0,0,800,780,800,800,1090,1400,76,0.254,26.5,14.3,12.86,0,136.5,0,19,21,12.819,353.28,1,0.645,0.645,0.586,2.285,0.645,0.02,0,,,,76,0,0,0,0,0,0,0,0,0,0,7,0,0,7000,7000,29,259,1440,85,66,76,85,62,40,0,39321,225,174,230,244,163,118,26222,39321
1.440,0,791,21,84,54,14.7,13.47,0.916,1,0,0,0,14,312,2.544,1,19,136.5,0,0,0,0,1,0,0,0,0,0,0,0,0,0,0,52.82,34,0.344,1,0,0,0,0,0,0,0,0,0,800,790,800,800,1090,1400,76,0.254,26.5,14.3,12.86,0,136.5,0,19,21,12.819,353.28,1,0.625,0.625,0.586,2.285,0.645,0.02,0,,,,62,0,0,0,0,0,0,0,0,0,0,7,0,0,7000,7000,29,259,1440,85,66,76,74,62,40,0,39321,225,174,230,241,163,118,26222,39321
1.500,0,794,21,84,54,14.7,13.47,0.916,1,0,0,0,14,312,2.544,1,20,136.5,0,0,0,0,1,0,0,0,0,0,0,0,0,0,0,52.82,34,0.344,1,0,0,0,0,0,0,0,0,0,800,790,800,800,1090,1400,76,0.254,26.5,14.3,12.86,0,136.5,0,20,21,12.819,353.28,1,0.625,0.625,0.586,2.285,0.645,0.02,0,,,,56,0,0,0,0,0,0,0,0,0,0,7,0,0,7000,7000,29,259,1440,91,56,76,74,62,42,0,39321,227,174,230,241,163,118,26222,39321
1.560,0,799,21,84,54,14.7,13.47,0.916,1,0,0,0,13,312,2.544,1,20,136.5,0,0,0,0,1,0,0,0,0,0,0,0,0,0,0,52.82,34,0.344,1,0,0,0,0,0,0,0,0,0,800,800,800,800,1090,1400,76,0.254,26.5,14.3,12.86,0,136.5,0,20,21,12.819,353.28,1,0.625,0.625,0.586,2.285,0.645,0.02,0,,,,83,0,0,0,0,0,0,0,0,0,0,7,0,0,7000,7000,29,259,1440,91,56,74,83,62,42,0,39321,227,174,227,241,163,118,26222,39321
1.620,0,800,21,84,54,14.7,13.48,0.917,1,0,0,0,13,312,2.544,1,20,136.33,0,0,0,0,1,0,0,0,0,0,0,0,0,0,0,52.6,34,0.344,1,0,0,0,0,0,0,0,0,0,800,800,800,800,1090,1400,76,0.254,26.5,14.3,12.92,0,136.33,0,20,21,12.819,353.28,1,0.625,0.625,0.586,2.285,0.645,0.02,0,,,,86,0,0,0,0,0,0,0,0,0,0,7,0,0,7000,7000,29,259,1440,86,56,74,83,71,42,0,39321,227,174,227,241,165,118,26222,39321
1.680,0,802,21,84,54,14.7,13.48,0.917,1,0,0,0,13,312,2.528,1,20,136.17,0,0,0,0,1,0,0,0,0,0,0,0,0,0,0,52.6,34,0.344,1,0,0,0,0,0,0,0,0,0,800,800,800,800,1090,1400,76,0.254,26.5,14.3,12.92,0,136.17,0,20,21,12.892,353.28,1,0.645,0.645,0.586,2.285,0.645,0.02,0,,,,78,0,0,0,0,0,0,0,0,0,0,7,0,0,7000,7000,29,259,1440,86,52,78,83,71,42,0,39321,227,171,227,241,165,118,26222,39321
1.736,0,806,21,84,54,14.7,13.48,0.917,1,0,0,0,12.5,312,2.528,1,20,136,0,0,0,0,1,0,0,0,0,0,0,0,0,0,0,52.6,34,0.344,1,0,0,0,0,0,0,0,0,0,800,810,800,800,1090,1400,76,0.254,26.5,14.3,12.92,0,136,0,20,21,12.819,353.28,1,0.625,0.625,0.586,2.285,0.645,0.02,0,,,,49,0,0,0,0,0,0,0,0,0,0,7,0,0,7000,7000,29,259,1440,86,52,78,79,69,49,0,39321,227,171,227,241,165,120,26222,39321
1.796,0,805,21,84,54,14.7,13.51,0.919,1,0,0,0,12.5,312,2.536,1,20,136,0,0,0,0,1,0,0,0,0,0,0,0,0,0,0,52.6,34,0.344,1,0,0,0,0,0,0,0,0,0,800,810,800,800,1090,1400,76,0.254,26.5,14.3,12.86,0,136,0,20,21,12.819,353.28,1,0.625,0.625,0.586,2.285,0.645,0.02,0,,,,59,0,0,0,0,0,0,0,0,0,0,7,0,0,7000,7000,29,259,1440,85,59,78,79,69,49,0,39321,227,171,227,241,165,120,26222,39321
1.856,0,798,21,84,54,14.7,13.51,0.919,1,0,0,0,13,312,2.536,1,20,136,0,0,0,0,1,0,0,0,0,0,0,0,0,0,0,52.6,34,0.344,1,0,0,0,0,0,0,0,0,0,800,800,800,800,1090,1400,76,0.254,26.5,14.3,12.92,0,136,0,20,21,12.819,353.28,1,0.625,0.625,0.586,2.266,0.645,0.02,0,,,,83,0,0,0,0,0,0,0,0,0,0,7,0,0,7000,7000,29,259,1440,85,59,68,83,69,49,0,39321,227,171,225,241,165,120,26222,39321
1.916,0,796,21,84,54,14.7,13.51,0.919,1,0,0,0,13,312,2.536,1,20,136,0,0,0,0,1,0,0,0,0,0,0,0,0,0,0,52.6,34,0.344,1,0,0,0,0,0,0,0,0,0,800,800,800,800,1090,1400,76,0.254,26.5,14.3,12.86,0,136,0,20,21,12.819,353.28,1,0.625,0.625,0.586,2.266,0.645,0.02,0,,,,79,0,0,0,0,0,0,0,0,0,0,7,0,0,7000,7000,29,259,1440,79,59,68,83,61,45,0,39321,227,171,225,241,165,120,26222,39321
1.976,0,793,21,84,54,14.7,13.51,0.919,1,0,0,0,14,312,2.536,1,19,136,0,0,0,0,1,0,0,0,0,0,0,0,0,0,0,52.6,34,0.344,1,0,0,0,0,0,0,0,0,0,800,790,800,800,1090,1400,76,0.254,26.5,14.3,12.92,0,136,0,19,21,12.819,353.28,1,0.645,0.645,0.586,2.266,0.645,0.02,0,,,,59,0,0,0,0,0,0,0,0,0,0,7,0,0,7000,7000,29,259,1440,79,59,59,83,61,45,0,39321,227,171,222,241,165,120,26222,39321
2.036,0,796,21,84,54,14.7,13.48,0.917,1,0,0,0,13,312,2.536,1,20,136,0,0,0,0,1,0,0,0,0,0,0,0,0,0,0,52.6,34,0.344,1,0,0,0,0,0,0,0,0,0,800,800,800,800,1090,1400,76,0.254,26.5,14.3,13.09,0,136,0,20,21,12.819,353.28,1,0.625,0.625,0.586,2.266,0.645,0.02,0,,,,61,0,0,0,0,0,0,0,0,0,0,7,0,0,7000,7000,29,259,1440,79,59,59,76,61,45,0,39321,227,171,222,239,165,120,26222,39321
2.094,0,797,21,84,54,14.7,13.48,0.917,1,0,0,0,13,312,2.536,1,20,136,0,0,0,0,1,0,0,0,0,0,0,0,0,0,0,52.6,34,0.344,1,0,0,0,0,0,0,0,0,0,800,800,800,800,1090,1400,76,0.254,26.5,14.3,13.09,0,136,0,20,21,12.819,353.28,1,0.625,0.625,0.586,2.266,0.645,0.02,0,,,,61,0,0,0,0,0,0,0,0,0,0,7,0,0,7000,7000,29,259,1440,86,61,59,76,61,47,0,39321,230,171,222,239,165,120,26222,39321
2.154,0,791,21,84,54,14.7,13.48,0.917,1,0,0,0,14,312,2.536,1,19,136,0,0,0,0,1,0,0,0,0,0,0,0,0,0,0,52.6,34,0.344,1,0,0,0,0,0,0,0,0,0,800,790,800,800,1090,1400,76,0.254,26.5,14.3,13.03,0,136,0,19,21,12.819,353.28,1,0.645,0.645,0.586,2.266,0.645,0.02,0,,,,79,0,0,0,0,0,0,0,0,0,0,7,0,0,7000,7000,29,259,1440,86,61,90,79,61,47,0,39321,230,171,222,239,165,120,26222,39321
2.214,0,790,21,84,54,14.7,13.48,0.917,1,0,0,0,14,312,2.536,1,19,136,0,0,0,0,1,0,0,0,0,0,0,0,0,0,0,52.6,34,0.344,1,0,0,0,0,0,0,0,0,0,800,790,800,800,1090,1400,76,0.254,26.5,14.3,13.03,0,136,0,19,21,12.819,353.28,1,0.625,0.625,0.586,2.266,0.645,0.02,0,,,,91,0,0,0,0,0,0,0,0,0,0,7,0,0,7000,7000,29,259,1440,91,61,90,79,54,42,0,39321,230,171,222,239,165,120,26222,39321
2.274,0,789,21,84,54,14.7,13.48,0.917,1,0,0,0,14,312,2.536,1,19,136,0,0,0,0,1,0,0,0,0,0,0,0,0,0,0,52.6,34,0.344,1,0,0,0,0,0,0,0,0,0,800,790,800,800,1090,1400,76,0.254,26.5,14.3,13.03,0,136,0,19,21,12.819,353.28,1,0.625,0.625,0.586,2.266,0.645,0.02,0,,,,78,0,0,0,0,0,0,0,0,0,0,7,0,0,7000,7000,29,259,1440,91,61,78,79,54,42,0,39321,230,171,222,239,165,120,26222,39321
2.334,0,795,21,84,54,14.7,13.48,0.917,1,0,0,0,13,312,2.544,1,19,136.33,0,0,0,0,1,0,0,0,0,0,0,0,0,0,0,52.82,34,0.344,1,0,0,0,0,0,0,0,0,0,800,800,800,800,1090,1400,76,0.254,26.5,14.3,13.03,0,136.33,0,19,21,12.819,353.28,1,0.645,0.645,0.586,2.266,0.645,0.02,0,,,,56,0,0,0,0,0,0,0,0,0,0,7,0,0,7000,7000,29,259,1440,91,61,78,81,56,42,0,39321,230,171,222,239,165,120,26222,39321
2.394,0,800,21,84,54,14.7,13.48,0.917,1,0,0,0,13,312,2.536,1,20,136.17,0,0,0,0,1,0,0,0,0,0,0,0,0,0,0,52.6,34,0.344,1,0,0,0,0,0,0,0,0,0,800,800,800,800,1090,1400,76,0.254,26.5,14.3,12.81,0,136.17,0,20,21,12.819,353.28,1,0.625,0.625,0.586,2.266,0.645,0.02,0,,,,59,0,0,0,0,0,0,0,0,0,0,7,0,0,7000,7000,29,259,1440,88,59,78,81,56,49,0,39321,230,171,222,239,165,120,26222,39321
2.454,0,797,21,84,54,14.7,13.51,0.919,1,0,0,0,13,312,2.536,1,20,136.17,0,0,0,0,1,0,0,0,0,0,0,0,0,0,0,52.6,34,0.344,1,0,0,0,0,0,0,0,0,0,800,800,800,800,1090,1400,76,0.254,26.5,14.3,12.86,0,136.17,0,20,21,12.819,353.28,1,0.645,0.645,0.586,2.266,0.645,0.02,0,,,,74,0,0,0,0,0,0,0,0,0,0,7,0,0,7000,7000,29,259,1440,88,59,93,74,56,49,0,39321,230,171,225,239,165,120,26222,39321
2.514,0,796,21,84,54,14.7,13.51,0.919,1,0,0,0,13,312,2.536,1,20,136,0,0,0,0,1,0,0,0,0,0,0,0,0,0,0,52.6,34,0.344,1,0,0,0,0,0,0,0,0,0,800,800,800,800,1090,1400,76,0.254,26.5,14.3,12.81,0,136,0,20,21,12.819,353.28,1,0.625,0.625,0.586,2.266,0.645,0.02,0,,,,79,0,0,0,0,0,0,0,0,0,0,7,0,0,7000,7000,29,259,1440,79,59,93,74,57,49,0,39321,230,171,225,239,163,123,26222,39321
2.574,0,790,21,84,54,14.7,13.47,0.916,1,0,0,0,14,312,2.536,1,19,136,0,0,0,0,1,0,0,0,0,0,0,0,0,0,0,52.6,34,0.344,1,0,0,0,0,0,0,0,0,0,800,790,800,800,1090,1400,76,0.254,26.5,14.3,12.81,0,136,0,19,21,12.819,353.28,1,0.625,0.625,0.586,2.266,0.645,0.02,0,,,,74,0,0,0,0,0,0,0,0,0,0,7,0,0,7000,7000,29,259,1440,79,61,74,74,57,49,0,39321,230,171,222,239,163,123,26222,39321
2.634,0,787,21,84,54,14.7,13.47,0.916,1,0,0,0,14,312,2.536,1,19,136,0,0,0,0,1,0,0,0,0,0,0,0,0,0,0,52.6,34,0.344,1,0,0,0,0,0,0,0,0,0,800,790,800,800,1090,1400,76,0.254,26.5,14.3,12.75,0,136,0,19,21,12.819,353.28,1,0.625,0.625,0.586,2.266,0.645,0.02,0,,,,52,0,0,0,0,0,0,0,0,0,0,7,0,0,7000,7000,29,259,1440,79,61,74,81,52,49,0,39321,230,171,222,239,163,123,26222,39321
2.694,0,786,21,84,54,14.7,13.47,0.916,1,0,0,0,14,312,2.544,1,19,136.33,0,0,0,0,1,0,0,0,0,0,0,0,0,0,0,52.82,34,0.344,1,0,0,0,0,0,0,0,0,0,800,790,800,800,1090,1400,76,0.254,26.5,14.3,12.92,0,136.33,0,19,21,12.819,353.28,1,0.625,0.625,0.586,2.266,0.645,0.02,0,,,,68,0,0,0,0,0,0,0,0,0,0,7,0,0,7000,7000,29,259,1440,69,68,74,81,52,47,0,39321,227,171,222,239,163,123,26222,39321
2.754,0,789,21,84,54,14.7,13.47,0.916,1,0,0,0,14,312,2.544,1,19,136.33,0,0,0,0,1,0,0,0,0,0,0,0,0,0,0,52.82,34,0.344,1,0,0,0,0,0,0,0,0,0,800,790,800,800,1090,1400,76,0.254,26.5,14.3,12.92,0,136.33,0,19,21,12.819,353.28,1,0.625,0.625,0.586,2.266,0.645,0.02,0,,,,74,0,0,0,0,0,0,0,0,0,0,7,0,0,7000,7000,29,259,1440,69,68,74,74,52,47,0,39321,227,171,222,236,163,123,26222,39321
2.814,0,789,21,84,54,14.7,13.48,0.917,1,0,0,0,14,312,2.544,1,19,136.5,0,0,0,0,1,0,0,0,0,0,0,0,0,0,0,52.82,34,0.344,1,0,0,0,0,0,0,0,0,0,800,790,800,800,1090,1400,76,0.254,26.5,14.3,12.92,0,136.5,0,19,21,12.819,353.28,1,0.645,0.645,0.586,2.266,0.645,0.02,0,,,,49,0,0,0,0,0,0,0,0,0,0,7,0,0,7000,7000,29,259,1440,69,68,74,74,64,49,0,39321,227,171,222,236,165,123,26222,39321
2.874,0,790,21,84,54,14.7,13.48,0.917,1,0,0,0,14,312,2.544,1,19,136.5,0,0,0,0,1,0,0,0,0,0,0,0,0,0,0,52.82,34,0.344,1,0,0,0,0,0,0,0,0,0,800,790,800,800,1090,1400,76,0.254,26.5,14.3,12.92,0,136.5,0,19,21,12.819,353.28,1,0.625,0.625,0.586,2.266,0.645,0.02,0,,,,73,0,0,0,0,0,0,0,0,0,0,7,0,0,7000,7000,29,259,1440,78,62,73,74,64,49,0,39321,227,171,222,236,165,123,26222,39321
2.934,0,796,21,84,54,14.7,13.48,0.917,1,0,0,0,13,312,2.544,1,20,136.5,0,0,0,0,1,0,0,0,0,0,0,0,0,0,0,52.82,34,0.344,1,0,0,0,0,0,0,0,0,0,800,800,800,800,1090,1400,76,0.254,26.5,14.3,12.98,0,136.5,0,20,21,12.819,353.28,1,0.645,0.645,0.586,2.266,0.645,0.02,0,,,,52,0,0,0,0,0,0,0,0,0,0,7,0,0,7000,7000,29,259,1440,78,62,73,76,52,49,0,39321,227,171,222,233,165,123,26222,39321
2.994,0,797,21,84,54,14.7,13.51,0.919,1,0,0,0,13,312,2.544,1,20,136.5,0,0,0,0,1,0,0,0,0,0,0,0,0,0,0,52.82,34,0.344,1,0,0,0,0,0,0,0,0,0,800,800,800,800,1090,1400,76,0.254,26.5,14.3,13.03,0,136.5,0,20,21,12.819,353.28,1,0.625,0.625,0.586,2.266,0.645,0.02,0,,,,62,0,0,0,0,0,0,0,0,0,0,7,0,0,7000,7000,29,259,1440,71,62,73,76,52,45,0,39321,225,171,222,233,165,123,26222,39321
3.054,0,800,21,84,54,14.7,13.51,0.919,1,0,0,0,13,312,2.544,1,20,136.33,0,0,0,0,1,0,0,0,0,0,0,0,0,0,0,52.82,34,0.344,1,0,0,0,0,0,0,0,0,0,800,800,800,800,1090,1400,76,0.254,26.5,14.3,12.92,0,136.33,0,20,21,12.819,353.28,1,0.625,0.625,0.586,2.266,0.645,0.02,0,,,,71,0,0,0,0,0,0,0,0,0,0,7,0,0,7000,7000,29,259,1440,71,62,69,71,52,45,0,39321,225,171,222,230,165,123,26222,39321
3.114,0,798,21,84,54,14.7,13.51,0.919,1,0,0,0,13,312,2.544,1,20,136.5,0,0,0,0,1,0,0,0,0,0,0,0,0,0,0,52.82,34,0.344,1,0,0,0,0,0,0,0,0,0,800,800,800,800,1090,1400,76,0.254,26.5,14.3,12.92,0,136.5,0,20,21,12.819,353.28,1,0.625,0.625,0.586,2.266,0.645,0.02,0,,,,51,0,0,0,0,0,0,0,0,0,0,7,0,0,7000,7000,29,259,1440,71,62,69,71,54,51,0,39321,225,171,222,230,163,126,26222,39321
3.174,0,797,21,84,54,14.7,13.54,0.921,1,0,0,0,13,312,2.536,1,20,136.17,0,0,0,0,1,0,0,0,0,0,0,0,0,0,0,52.6,34,0.344,1,0,0,0,0,0,0,0,0,0,800,800,800,800,1090,1400,76,0.254,26.5,14.3,12.98,0,136.17,0,20,21,12.819,353.28,1,0.625,0.625,0.586,2.266,0.645,0.02,0,,,,88,0,0,0,0,0,0,0,0,0,0,7,0,0,7000,7000,29,259,1440,79,59,88,71,54,51,0,39321,225,171,222,230,163,126,26222,39321
3.234,0,792,21,84,54,14.7,13.51,0.919,1,0,0,0,14,312,2.536,1,19,136.17,0,0,0,0,1,0,0,0,0,0,0,0,0,0,0,52.6,34,0.344,1,0,0,0,0,0,0,0,0,0,800,790,800,800,1090,1400,76,0.254,26.5,14.3,12.98,0,136.17,0,19,21,12.819,353.28,1,0.645,0.645,0.586,2.266,0.645,0.02,0,,,,59,0,0,0,0,0,0,0,0,0,0,7,0,0,7000,7000,29,259,1440,79,59,88,69,59,51,0,39321,225,171,222,227,165,126,26222,39321
3.294,0,796,21,84,54,14.7,13.51,0.919,1,0,0,0,13,312,2.536,1,19,136,0,0,0,0,1,0,0,0,0,0,0,0,0,0,0,52.6,34,0.344,1,0,0,0,0,0,0,0,0,0,800,800,800,800,1090,1400,76,0.254,26.5,14.3,12.92,0,136,0,19,21,12.819,353.28,1,0.625,0.625,0.586,2.266,0.645,0.02,0,,,,78,0,0,0,0,0,0,0,0,0,0,7,0,0,7000,7000,29,259,1440,78,59,88,69,59,47,0,39321,225,171,222,227,165,126,26222,39321
3.354,0,797,21,84,54,14.7,13.51,0.919,1,0,0,0,13,312,2.536,1,19,136,0,0,0,0,1,0,0,0,0,0,0,0,0,0,0,52.6,34,0.344,1,0,0,0,0,0,0,0,0,0,800,800,800,800,1090,1400,76,0.254,26.5,14.3,13.03,0,136,0,19,21,12.819,353.28,1,0.625,0.625,0.586,2.266,0.645,0.02,0,,,,69,0,0,0,0,0,0,0,0,0,0,7,0,0,7000,7000,29,259,1440,78,52,76,69,59,47,0,39321,225,168,222,225,165,126,26222,39321
3.414,0,797,21,84,54,14.7,13.48,0.917,1,0,0,0,13,312,2.536,1,20,136,0,0,0,0,1,0,0,0,0,0,0,0,0,0,0,52.6,34,0.344,1,0,0,0,0,0,0,0,0,0,800,800,800,800,1090,1400,76,0.254,26.5,14.3,12.98,0,136,0,20,21,12.819,353.28,1,0.625,0.625,0.586,2.266,0.645,0.02,0,,,,42,0,0,0,0,0,0,0,0,0,0,7,0,0,7000,7000,29,259,1440,78,52,76,69,59,42,0,39321,225,168,222,225,165,126,26222,39321
3.474,0,795,21,84,54,14.7,13.47,0.916,1,0,0,0,13,312,2.536,1,19,136,0,0,0,0,1,0,0,0,0,0,0,0,0,0,0,52.6,34,0.344,1,0,0,0,0,0,0,0,0,0,800,800,800,800,1090,1400,76,0.254,26.5,14.3,12.98,0,136,0,19,21,12.819,353.28,1,0.625,0.625,0.586,2.266,0.645,0.02,0,,,,69,0,0,0,0,0,0,0,0,0,0,7,0,0,7000,7000,29,259,1440,85,61,69,69,59,42,0,39321,225,168,222,225,165,126,26222,39321
3.534,0,798,21,84,54,14.7,13.47,0.916,1,0,0,0,13,312,2.536,1,20,136,0,0,0,0,1,0,0,0,0,0,0,0,0,0,0,52.6,34,0.344,1,0,0,0,0,0,0,0,0,0,800,800,800,800,1090,1400,76,0.254,26.5,14.3,12.92,0,136,0,20,21,12.819,353.28,1,0.645,0.645,0.586,2.246,0.645,0.02,0,,,,51,0,0,0,0,0,0,0,0,0,0,7,0,0,7000,7000,29,259,1440,85,61,69,83,51,42,0,39321,225,168,222,225,163,126,26222,39321
3.594,0,801,21,84,54,14.7,13.47,0.916,1,0,0,0,13,312,2.536,1,20,136,0,0,0,0,1,0,0,0,0,0,0,0,0,0,0,52.6,34,0.344,1,0,0,0,0,0,0,0,0,0,800,800,800,800,1090,1400,76,0.254,26.5,14.3,12.92,0,136,0,20,21,12.819,353.28,1,0.625,0.625,0.586,2.246,0.645,0.02,0,,,,81,0,0,0,0,0,0,0,0,0,0,7,0,0,7000,7000,29,259,1440,81,61,69,83,51,47,0,39321,225,168,222,225,163,126,26222,39321
3.654,0,799,21,84,54,14.7,13.47,0.916,1,0,0,0,13,312,2.536,1,20,136,0,0,0,0,1,0,0,0,0,0,0,0,0,0,0,52.6,34,0.344,1,0,0,0,0,0,0,0,0,0,800,800,800,800,1090,1400,76,0.254,26.5,14.3,12.86,0,136,0,20,21,12.819,353.28,1,0.625,0.625,0.586,2.246,0.645,0.02,0,,,,79,0,0,0,0,0,0,0,0,0,0,7,0,0,7000,7000,29,259,1440,81,59,66,79,51,47,0,39321,225,168,222,225,163,126,26222,39321
3.714,0,800,21,84,54,14.7,13.47,0.916,1,0,0,0,13,312,2.536,1,20,136,0,0,0,0,1,0,0,0,0,0,0,0,0,0,0,52.6,34,0.344,1,0,0,0,0,0,0,0,0,0,800,800,800,800,1090,1400,76,0.254,26.5,14.3,12.75,0,136,0,20,21,12.819,353.28,1,0.625,0.625,0.586,2.246,0.645,0.02,0,,,,51,0,0,0,0,0,0,0,0,0,0,7,0,0,7000,7000,29,259,1440,81,59,66,79,69,51,0,39321,225,168,222,225,163,129,26222,39321
3.774,0,796,21,84,54,14.7,13.47,0.916,1,0,0,0,13,312,2.536,1,19,136,0,0,0,0,1,0,0,0,0,0,0,0,0,0,0,52.6,34,0.344,1,0,0,0,0,0,0,0,0,0,800,800,800,800,1090,1400,76,0.254,26.5,14.3,12.75,0,136,0,19,21,12.819,353.28,1,0.625,0.625,0.586,2.246,0.645,0.02,0,,,,71,0,0,0,0,0,0,0,0,0,0,7,0,0,7000,7000,29,259,1440,73,59,71,79,69,51,0,39321,222,168,222,225,163,129,26222,39321
3.834,0,799,21,84,54,14.7,13.48,0.917,1,0,0,0,13,312,2.536,1,20,136,0,0,0,0,1,0,0,0,0,0,0,0,0,0,0,52.6,34,0.344,1,0,0,0,0,0,0,0,0,0,800,800,800,800,1090,1400,76,0.254,26.5,14.3,12.81,0,136,0,20,21,12.819,353.28,1,0.625,0.625,0.586,2.246,0.645,0.02,0,,,,54,0,0,0,0,0,0,0,0,0,0,7,0,0,7000,7000,29,259,1440,73,59,71,73,54,51,0,39321,222,168,222,222,163,129,26222,39321
3.894,0,797,21,84,54,14.7,13.48,0.917,1,0,0,0,13,312,2.536,1,20,136,0,0,0,0,1,0,0,0,0,0,0,0,0,0,0,52.6,34,0.344,1,0,0,0,0,0,0,0,0,0,800,800,800,800,1090,1400,76,0.254,26.5,14.3,12.75,0,136,0,20,21,12.819,353.28,1,0.625,0.625,0.586,2.246,0.645,0.02,0,,,,73,0,0,0,0,0,0,0,0,0,0,7,0,0,7000,7000,29,259,1440,73,59,71,73,54,47,0,39321,222,168,222,222,163,129,26222,39321
3.954,0,791,21,84,54,14.7,13.48,0.917,1,0,0,0,14,312,2.536,1,19,136,0,0,0,0,1,0,0,0,0,0,0,0,0,0,0,52.6,34,0.344,1,0,0,0,0,0,0,0,0,0,800,790,800,800,1090,1400,76,0.254,26.5,14.3,12.86,0,136,0,19,21,12.819,353.28,1,0.625,0.625,0.586,2.246,0.645,0.02,0,,,,71,0,0,0,0,0,0,0,0,0,0,7,0,0,7000,7000,29,259,1440,73,64,74,71,54,47,0,39321,222,168,222,219,163,129,26222,39321
4.014,0,788,21,84,54,14.7,13.51,0.919,1,0,0,0,14,312,2.536,1,19,136,0,0,0,0,1,0,0,0,0,0,0,0,0,0,0,52.6,34,0.344,1,0,0,0,0,0,0,0,0,0,800,790,800,800,1090,1400,76,0.254,26.5,14.3,12.98,0,136,0,19,21,12.819,353.28,1,0.645,0.645,0.586,2.246,0.645,0.02,0,,,,42,0,0,0,0,0,0,0,0,0,0,7,0,0,7000,7000,29,259,1440,73,64,74,71,54,42,0,39321,222,168,222,219,163,129,26222,39321
4.074,0,791,21,84,54,14.7,13.51,0.919,1,0,0,0,14,312,2.536,1,19,136,0,0,0,0,1,0,0,0,0,0,0,0,0,0,0,52.6,34,0.344,1,0,0,0,0,0,0,0,0,0,800,790,800,800,1090,1400,76,0.254,26.5,14.3,12.98,0,136,0,19,21,12.819,353.28,1,0.625,0.625,0.586,2.246,0.645,0.02,0,,,,79,0,0,0,0,0,0,0,0,0,0,7,0,0,7000,7000,29,259,1440,91,54,79,71,54,42,0,39321,222,168,222,219,163,129,26222,39321
4.134,0,794,21,84,54,14.7,13.51,0.919,1,0,0,0,14,312,2.536,1,19,136,0,0,0,0,1,0,0,0,0,0,0,0,0,0,0,52.6,34,0.344,1,0,0,0,0,0,0,0,0,0,800,790,800,800,1090,1400,76,0.254,26.5,14.3,13.03,0,136,0,19,21,12.819,353.28,1,0.625,0.625,0.586,2.246,0.645,0.02,0,,,,62,0,0,0,0,0,0,0,0,0,0,7,0,0,7000,7000,29,259,1440,91,54,79,76,62,42,0,39321,222,168,222,219,163,129,26222,39321
4.194,0,792,21,84,54,14.7,13.51,0.919,1,0,0,0,14,312,2.536,1,19,136,0,0,0,0,1,0,0,0,0,0,0,0,0,0,0,52.6,34,0.344,1,0,0,0,0,0,0,0,0,0,800,790,800,800,1090,1400,76,0.254,26.5,14.3,13.09,0,136,0,19,21,12.819,353.28,1,0.645,0.645,0.586,2.246,0.645,0.02,0,,,,81,0,0,0,0,0,0,0,0,0,0,7,0,0,7000,7000,29,259,1440,81,54,79,76,62,45,0,39321,222,168,222,219,163,129,26222,39321
4.254,0,791,21,84,54,14.7,13.51,0.919,1,0,0,0,14,312,2.536,1,19,136.17,0,0,0,0,1,0,0,0,0,0,0,0,0,0,0,52.82,34,0.344,1,0,0,0,0,0,0,0,0,0,800,790,800,800,1090,1400,76,0.254,26.5,14.3,13.09,0,136.17,0,19,21,12.819,353.28,1,0.625,0.625,0.586,2.246,0.645,0.02,0,,,,71,0,0,0,0,0,0,0,0,0,0,7,0,0,7000,7000,29,259,1440,81,52,76,71,62,45,0,39321,222,168,219,219,163,129,26222,39321
4.314,0,791,21,84,54,14.7,13.48,0.917,1,0,0,0,14,312,2.536,1,19,136.17,0,0,0,0,1,0,0,0,0,0,0,0,0,0,0,52.6,34,0.344,1,0,0,0,0,0,0,0,0,0,800,790,800,800,1090,1400,76,0.254,26.5,14.3,13.03,0,136.17,0,19,21,12.819,353.28,1,0.625,0.625,0.586,2.246,0.645,0.02,0,,,,45,0,0,0,0,0,0,0,0,0,0,7,0,0,7000,7000,29,259,1440,81,52,76,71,59,45,0,39321,222,168,219,219,163,129,26222,39321
4.374,0,790,21,84,54,14.7,13.48,0.917,1,0,0,0,14,312,2.536,1,19,136.17,0,0,0,0,1,0,0,0,0,0,0,0,0,0,0,52.6,34,0.344,1,0,0,0,0,0,0,0,0,0,800,790,800,800,1090,1400,76,0.254,26.5,14.3,12.81,0,136.17,0,19,21,12.819,353.28,1,0.625,0.625,0.586,2.246,0.645,0.02,0,,,,64,0,0,0,0,0,0,0,0,0,0,7,0,0,7000,7000,29,259,1440,74,64,76,71,59,45,0,39321,222,168,219,219,163,129,26222,39321
4.434,0,791,21,84,54,14.7,13.48,0.917,1,0,0,0,14,312,2.544,1,19,136.33,0,0,0,0,1,0,0,0,0,0,0,0,0,0,0,52.82,34,0.344,1,0,0,0,0,0,0,0,0,0,800,790,800,800,1090,1400,76,0.254,26.5,14.3,12.86,0,136.33,0,19,21,12.819,353.28,1,0.625,0.625,0.586,2.246,0.645,0.02,0,,,,52,0,0,0,0,0,0,0,0,0,0,7,0,0,7000,7000,29,259,1440,74,64,71,76,52,45,0,39321,222,168,216,219,163,129,26222,39321
4.494,0,790,21,84,54,14.7,13.51,0.919,1,0,0,0,14,312,2.544,1,19,136.5,0,0,0,0,1,0,0,0,0,0,0,0,0,0,0,52.82,34,0.344,1,0,0,0,0,0,0,0,0,0,800,790,800,800,1090,1400,76,0.254,26.5,14.3,12.92,0,136.5,0,19,21,12.819,353.28,1,0.645,0.645,0.586,2.246,0.645,0.02,0,,,,79,0,0,0,0,0,0,0,0,0,0,7,0,0,7000,7000,29,259,1440,79,64,71,76,52,47,0,39321,222,168,216,219,163,129,26222,39321
4.554,0,788,21,84,54,14.7,13.51,0.919,1,0,0,0,14,312,2.544,1,19,136.5,0,0,0,0,1,0,0,0,0,0,0,0,0,0,0,52.82,34,0.344,1,0,0,0,0,0,0,0,0,0,800,790,800,800,1090,1400,76,0.254,26.5,14.3,12.81,0,136.5,0,19,21,12.819,353.28,1,0.625,0.625,0.586,2.246,0.645,0.02,0,,,,68,0,0,0,0,0,0,0,0,0,0,7,0,0,7000,7000,29,259,1440,79,62,69,68,52,47,0,39321,222,168,216,216,163,129,26222,39321
4.614,0,786,21,84,54,14.7,13.51,0.919,1,0,0,0,14,312,2.544,1,19,136.5,0,0,0,0,1,0,0,0,0,0,0,0,0,0,0,52.82,34,0.344,1,0,0,0,0,0,0,0,0,0,800,790,800,800,1090,1400,76,0.254,26.5,14.3,12.81,0,136.5,0,19,21,12.819,353.28,1,0.625,0.625,0.586,2.246,0.645,0.02,0,,,,45,0,0,0,0,0,0,0,0,0,0,7,0,0,7000,7000,29,259,1440,79,62,69,68,54,45,0,39321,222,168,216,216,163,129,26222,39321
4.674,0,785,21,84,54,14.7,13.51,0.919,1,0,0,0,14,312,2.544,1,19,136.5,0,0,0,0,1,0,0,0,0,0,0,0,0,0,0,52.82,34,0.344,1,0,0,0,0,0,0,0,0,0,800,790,800,800,1090,1400,76,0.254,26.5,14.3,12.98,0,136.5,0,19,21,12.819,353.28,1,0.625,0.625,0.586,2.246,0.645,0.02,0,,,,62,0,0,0,0,0,0,0,0,0,0,7,0,0,7000,7000,29,259,1440,74,62,69,68,54,45,0,39321,219,171,216,216,163,129,26222,39321
4.734,0,785,21,84,54,14.7,13.51,0.919,1,0,0,0,14,312,2.544,1,19,136.5,0,0,0,0,1,0,0,0,0,0,0,0,0,0,0,52.82,34,0.344,1,0,0,0,0,0,0,0,0,0,800,790,800,800,1090,1400,76,0.254,26.5,14.3,12.92,0,136.5,0,19,21,12.819,353.28,1,0.625,0.625,0.586,2.246,0.645,0.02,0,,,,56,0,0,0,0,0,0,0,0,0,0,7,0,0,7000,7000,29,259,1440,74,62,64,71,56,45,0,39321,219,171,213,213,163,129,26222,39321
4.794,0,792,21,84,54,14.7,13.48,0.917,1,0,0,0,14,312,2.544,1,19,136.5,0,0,0,0,1,0,0,0,0,0,0,0,0,0,0,52.82,34,0.344,1,0,0,0,0,0,0,0,0,0,800,790,800,800,1090,1400,76,0.254,26.5,14.3,12.86,0,136.5,0,19,21,12.819,353.28,1,0.625,0.625,0.586,2.246,0.645,0.02,0,,,,81,0,0,0,0,0,0,0,0,0,0,7,0,0,7000,7000,29,259,1440,81,62,64,71,56,44,0,39321,219,171,213,213,163,129,26222,39321
4.854,0,788,21,84,54,14.7,13.48,0.917,1,0,0,0,14,312,2.544,1,19,136.5,0,0,0,0,1,0,0,0,0,0,0,0,0,0,0,52.82,34,0.344,1,0,0,0,0,0,0,0,0,0,800,790,800,800,1090,1400,76,0.254,26.5,14.3,12.86,0,136.5,0,19,21,12.819,353.28,1,0.645,0.645,0.586,2.246,0.645,0.02,0,,,,76,0,0,0,0,0,0,0,0,0,0,7,0,0,7000,7000,29,259,1440,81,57,76,71,56,44,0,39321,219,171,213,213,163,129,26222,39321
4.914,0,793,21,84,54,14.7,13.48,0.917,1,0,0,0,14,312,2.544,1,19,136.5,0,0,0,0,1,0,0,0,0,0,0,0,0,0,0,52.82,34,0.344,1,0,0,0,0,0,0,0,0,0,800,790,800,800,1090,1400,76,0.254,26.5,14.3,12.86,0,136.5,0,19,21,12.819,353.28,1,0.625,0.625,0.586,2.246,0.645,0.02,0,,,,47,0,0,0,0,0,0,0,0,0,0,7,0,0,7000,7000,29,259,1440,81,57,76,79,57,47,0,39321,219,171,213,213,163,129,26222,39321
4.974,0,793,21,84,54,14.7,13.48,0.917,1,0,0,0,14,312,2.544,1,20,136.5,0,0,0,0,1,0,0,0,0,0,0,0,0,0,0,52.82,34,0.344,1,0,0,0,0,0,0,0,0,0,800,790,800,800,1090,1400,76,0.254,26.5,14.3,12.75,0,136.5,0,20,21,12.819,353.28,1,0.645,0.645,0.586,2.246,0.645,0.02,0,,,,56,0,0,0,0,0,0,0,0,0,0,7,0,0,7000,7000,29,259,1440,79,56,76,79,57,47,0,39321,219,171,213,213,163,129,26222,39321
5.034,0,792,21,84,54,14.7,13.48,0.917,1,0,0,0,14,312,2.544,1,19,136.5,0,0,0,0,1,0,0,0,0,0,0,0,0,0,0,52.82,34,0.344,1,0,0,0,0,0,0,0,0,0,800,790,800,800,1090,1400,76,0.254,26.5,14.3,12.69,0,136.5,0,19,21,12.819,353.28,1,0.625,0.625,0.586,2.246,0.645,0.02,0,,,,69,0,0,0,0,0,0,0,0,0,0,7,0,0,7000,7000,29,259,1440,79,56,74,69,57,47,0,39321,219,171,213,210,163,129,26222,39321
5.094,0,789,21,84,54,14.7,13.48,0.917,1,0,0,0,14,312,2.544,1,19,136.5,0,0,0,0,1,0,0,0,0,0,0,0,0,0,0,52.82,34,0.344,1,0,0,0,0,0,0,0,0,0,800,790,800,800,1090,1400,76,0.254,26.5,14.3,12.81,0,136.5,0,19,21,12.819,353.28,1,0.625,0.625,0.586,2.246,0.645,0.02,0,,,,81,0,0,0,0,0,0,0,0,0,0,7,0,0,7000,7000,29,259,1440,81,56,74,69,52,44,0,39321,219,171,213,210,163,129,26222,39321
5.154,0,785,21,84,54,14.7,13.48,0.917,1,0,0,0,14,312,2.544,1,19,136.5,0,0,0,0,1,0,0,0,0,0,0,0,0,0,0,52.82,34,0.344,1,0,0,0,0,0,0,0,0,0,800,790,800,800,1090,1400,76,0.254,26.5,14.3,12.75,0,136.5,0,19,21,12.819,353.28,1,0.625,0.625,0.586,2.246,0.645,0.02,0,,,,62,0,0,0,0,0,0,0,0,0,0,7,0,0,7000,7000,29,259,1440,81,54,62,69,52,44,0,39321,219,171,210,210,163,129,26222,39321
5.214,0,787,21,84,54,14.7,13.48,0.917,1,0,0,0,14,312,2.544,1,19,136.5,0,0,0,0,1,0,0,0,0,0,0,0,0,0,0,52.82,34,0.344,1,0,0,0,0,0,0,0,0,0,800,790,800,800,1090,1400,76,0.254,26.5,14.3,12.86,0,136.5,0,19,21,12.819,353.28,1,0.625,0.625,0.586,2.246,0.645,0.02,0,,,,42,0,0,0,0,0,0,0,0,0,0,7,0,0,7000,7000,29,259,1440,81,54,62,73,61,42,0,39321,219,171,210,210,163,129,26222,39321
5.274,0,788,21,84,54,14.7,13.47,0.916,1,0,0,0,14,312,2.544,1,19,136.5,0,0,0,0,1,0,0,0,0,0,0,0,0,0,0,52.82,34,0.344,1,0,0,0,0,0,0,0,0,0,800,790,800,800,1090,1400,76,0.254,26.5,14.3,12.92,0,136.5,0,19,21,12.819,353.28,1,0.625,0.625,0.586,2.246,0.645,0.02,0,,,,62,0,0,0,0,0,0,0,0,0,0,7,0,0,7000,7000,29,259,1440,79,62,62,73,61,42,0,39321,219,171,210,210,163,129,26222,39321
5.334,0,795,21,84,54,14.7,13.47,0.916,1,0,0,0,13,312,2.544,1,19,136.5,0,0,0,0,1,0,0,0,0,0,0,0,0,0,0,52.82,34,0.344,1,0,0,0,0,0,0,0,0,0,800,800,800,800,1090,1400,76,0.254,26.5,14.3,12.98,0,136.5,0,19,21,12.819,353.28,1,0.625,0.625,0.586,2.246,0.645,0.02,0,,,,71,0,0,0,0,0,0,0,0,0,0,7,0,0,7000,7000,29,259,1440,79,62,76,71,61,42,0,39321,219,171,210,210,163,129,26222,39321
5.394,0,795,21,84,54,14.7,13.48,0.917,1,0,0,0,13,312,2.544,1,20,136.5,0,0,0,0,1,0,0,0,0,0,0,0,0,0,0,52.82,34,0.344,1,0,0,0,0,0,0,0,0,0,800,800,800,800,1090,1400,76,0.254,26.5,14.3,13.03,0,136.5,0,20,21,12.819,353.28,1,0.645,0.645,0.586,2.227,0.645,0.02,0,,,,85,0,0,0,0,0,0,0,0,0,0,7,0,0,7000,7000,29,259,1440,85,62,76,71,64,45,0,39321,219,171,210,210,163,129,26222,39321
5.454,0,792,21,84,54,14.7,13.48,0.917,1,0,0,0,14,312,2.544,1,19,136.5,0,0,0,0,1,0,0,0,0,0,0,0,0,0,0,52.82,34,0.344,1,0,0,0,0,0,0,0,0,0,800,790,800,800,1090,1400,76,0.254,26.5,14.3,12.98,0,136.5,0,19,21,12.819,353.28,1,0.645,0.645,0.586,2.227,0.645,0.02,0,,,,85,0,0,0,0,0,0,0,0,0,0,7,0,0,7000,7000,29,259,1440,85,57,85,71,64,45,0,39321,219,171,213,210,163,129,26222,39321
5.514,0,798,21,84,54,14.7,13.48,0.917,1,0,0,0,13,312,2.544,1,20,136.5,0,0,0,0,1,0,0,0,0,0,0,0,0,0,0,52.82,34,0.344,1,0,0,0,0,0,0,0,0,0,800,800,800,800,1090,1400,76,0.254,26.5,14.3,12.98,0,136.5,0,20,21,12.819,353.28,1,0.625,0.625,0.586,2.227,0.645,0.02,0,,,,66,0,0,0,0,0,0,0,0,0,0,7,0,0,7000,7000,29,259,1440,85,57,85,61,66,45,0,39321,219,171,213,208,163,129,26222,39321
5.574,0,803,21,84,54,14.7,13.48,0.917,1,0,0,0,13,312,2.536,1,20,136.17,0,0,0,0,1,0,0,0,0,0,0,0,0,0,0,52.6,34,0.344,1,0,0,0,0,0,0,0,0,0,800,800,800,800,1090,1400,76,0.254,26.5,14.3,13.03,0,136.17,0,20,21,12.819,353.28,1,0.625,0.625,0.586,2.227,0.645,0.02,0,,,,59,0,0,0,0,0,0,0,0,0,0,7,0,0,7000,7000,29,259,1440,93,59,85,61,66,42,0,39321,222,171,213,208,163,129,26222,39321
5.634,0,804,21,84,55,14.7,13.51,0.919,1,0,0,0,13,312,2.536,1,20,136.17,0,0,0,0,1,0,0,0,0,0,0,0,0,0,0,52.6,34,0.344,1,0,0,0,0,0,0,0,0,0,800,800,800,800,1090,1400,76,0.254,26.5,14.3,12.81,0,136.17,0,20,21,12.819,353.28,1,0.625,0.625,0.586,2.227,0.645,0.02,0,,,,78,0,0,0,0,0,0,0,0,0,0,7,0,0,7000,7000,29,259,1440,93,59,73,78,66,42,0,39321,222,171,213,208,163,129,26222,39321
5.694,0,799,21,84,55,14.7,13.51,0.919,1,0,0,0,13,312,2.536,1,20,136,0,0,0,0,1,0,0,0,0,0,0,0,0,0,0,52.6,34,0.344,1,0,0,0,0,0,0,0,0,0,800,800,800,800,1090,1400,76,0.254,26.5,14.3,12.81,0,136,0,20,21,12.819,353.28,1,0.645,0.645,0.586,2.227,0.645,0.02,0,,,,81,0,0,0,0,0,0,0,0,0,0,7,0,0,7000,7000,29,259,1440,81,59,73,78,61,44,0,39321,222,171,213,208,163,129,26222,39321
5.754,0,794,21,84,55,14.7,13.51,0.919,1,0,0,0,14,312,2.536,1,19,136,0,0,0,0,1,0,0,0,0,0,0,0,0,0,0,52.6,34,0.344,1,0,0,0,0,0,0,0,0,0,800,790,800,800,1090,1400,76,0.254,26.5,14.3,12.81,0,136,0,19,21,12.819,353.28,1,0.645,0.645,0.586,2.227,0.645,0.02,0,,,,71,0,0,0,0,0,0,0,0,0,0,7,0,0,7000,7000,29,259,1440,81,59,71,78,61,44,0,39321,222,171,213,208,163,129,26222,39321
5.814,0,795,21,84,55,14.7,13.51,0.919,1,0,0,0,13,312,2.536,1,19,136,0,0,0,0,1,0,0,0,0,0,0,0,0,0,0,52.6,34,0.344,1,0,0,0,0,0,0,0,0,0,800,800,800,800,1090,1400,76,0.254,26.5,14.3,12.81,0,136,0,19,21,12.819,353.28,1,0.625,0.625,0.586,2.227,0.645,0.02,0,,,,57,0,0,0,0,0,0,0,0,0,0,7,0,0,7000,7000,29,259,1440,81,59,71,71,57,44,0,39321,222,171,213,205,163,129,26222,39321
5.874,0,799,21,84,55,14.7,13.48,0.917,1,0,0,0,13,312,2.536,1,20,136,0,0,0,0,1,0,0,0,0,0,0,0,0,0,0,52.6,34,0.344,1,0,0,0,0,0,0,0,0,0,800,800,800,800,1090,1400,76,0.254,26.5,14.3,12.75,0,136,0,20,21,12.819,353.28,1,0.625,0.625,0.586,2.227,0.645,0.02,0,,,,59,0,0,0,0,0,0,0,0,0,0,7,0,0,7000,7000,29,259,1440,88,59,71,71,57,51,0,39321,222,171,213,205,163,132,26222,39321
5.934,0,795,21,84,55,14.7,13.48,0.917,1,0,0,0,13,312,2.536,1,19,136,0,0,0,0,1,0,0,0,0,0,0,0,0,0,0,52.6,34,0.344,1,0,0,0,0,0,0,0,0,0,800,800,800,800,1090,1400,76,0.254,26.5,14.3,12.86,0,136,0,19,21,12.819,353.28,1,0.645,0.645,0.586,2.227,0.645,0.02,0,,,,74,0,0,0,0,0,0,0,0,0,0,7,0,0,7000,7000,29,259,1440,88,59,69,74,57,51,0,39321,222,171,213,205,163,132,26222,39321
5.994,0,793,21,84,55,14.7,13.48,0.917,1,0,0,0,14,312,2.536,1,19,136,0,0,0,0,1,0,0,0,0,0,0,0,0,0,0,52.6,34,0.344,1,0,0,0,0,0,0,0,0,0,800,790,800,800,1090,1400,76,0.254,26.5,14.3,12.86,0,136,0,19,21,12.819,353.28,1,0.625,0.625,0.586,2.227,0.645,0.02,0,,,,76,0,0,0,0,0,0,0,0,0,0,7,0,0,7000,7000,29,259,1440,76,59,69,74,61,45,0,39321,222,171,213,205,163,132,26222,39321
6.054,0,785,21,84,55,14.7,13.48,0.917,1,0,0,0,14,312,2.536,1,19,136,0,0,0,0,1,0,0,0,0,0,0,0,0,0,0,52.6,34,0.344,1,0,0,0,0,0,0,0,0,0,800,790,800,800,1090,1400,76,0.254,26.5,14.3,12.86,0,136,0,19,21,12.819,353.28,1,0.625,0.625,0.586,2.227,0.645,0.02,0,,,,69,0,0,0,0,0,0,0,0,0,0,7,0,0,7000,7000,29,259,1440,76,64,69,74,61,45,0,39321,222,171,210,205,163,132,26222,39321
6.114,0,783,21,84,55,14.7,13.51,0.919,1,0,0,0,15,312,2.536,1,19,136,0,0,0,0,1,0,0,0,0,0,0,0,0,0,0,52.6,34,0.344,1,0,0,0,0,0,0,0,0,0,800,780,800,800,1090,1400,76,0.254,26.5,14.3,12.86,0,136,0,19,21,12.819,353.28,1,0.645,0.645,0.586,2.227,0.645,0.02,0,,,,54,0,0,0,0,0,0,0,0,0,0,7,0,0,7000,7000,29,259,1440,76,64,69,78,54,45,0,39321,222,171,210,208,160,132,26222,39321
6.174,0,782,21,84,55,14.7,13.51,0.919,1,0,0,0,15,312,2.544,1,19,136.33,0,0,0,0,1,0,0,0,0,0,0,0,0,0,0,52.82,34,0.344,1,0,0,0,0,0,0,0,0,0,800,780,800,800,1090,1400,76,0.254,26.5,14.3,12.86,0,136.33,0,19,21,12.819,353.28,1,0.625,0.625,0.586,2.227,0.645,0.02,0,,,,59,0,0,0,0,0,0,0,0,0,0,7,0,0,7000,7000,29,259,1440,79,59,69,78,54,44,0,39321,222,171,210,208,160,132,26222,39321
6.234,0,783,21,84,55,14.7,13.51,0.919,1,0,0,0,15,312,2.544,1,19,136.33,0,0,0,0,1,0,0,0,0,0,0,0,0,0,0,52.82,34,0.344,1,0,0,0,0,0,0,0,0,0,800,780,800,800,1090,1400,76,0.25,26.5,14.3,12.92,0,136.33,0,19,21,12.819,353.28,1,0.625,0.625,0.586,2.227,0.645,0.02,0,,,,72,0,0,0,0,0,0,0,0,0,0,7,0,0,7000,7000,29,259,1440,79,59,57,72,54,44,0,39321,222,171,208,208,160,132,26222,39321
6.294,0,784,21,84,55,14.7,13.51,0.919,1,0,0,0,15,312,2.544,1,19,136.5,0,0,0,0,1,0,0,0,0,0,0,0,0,0,0,52.82,34,0.344,1,0,0,0,0,0,0,0,0,0,800,780,800,800,1090,1400,76,0.254,26.5,14.3,12.81,0,136.5,0,19,21,12.819,353.28,1,0.645,0.645,0.586,2.227,0.645,0.02,0,,,,47,0,0,0,0,0,0,0,0,0,0,7,0,0,7000,7000,29,259,1440,79,59,57,72,59,47,0,39321,222,171,208,208,160,132,26222,39321
6.354,0,783,21,84,55,14.7,13.51,0.919,1,0,0,0,15,312,2.544,1,19,136.5,0,0,0,0,1,0,0,0,0,0,0,0,0,0,0,52.82,34,0.344,1,0,0,0,0,0,0,0,0,0,800,780,800,800,1090,1400,76,0.254,26.5,14.3,12.98,0,136.5,0,19,21,12.819,353.28,1,0.625,0.625,0.586,2.227,0.645,0.02,0,,,,64,0,0,0,0,0,0,0,0,0,0,7,0,0,7000,7000,29,259,1440,81,54,64,72,59,47,0,39321,222,171,205,208,160,132,26222,39321
6.414,0,788,21,84,55,14.7,13.54,0.921,1,0,0,0,14,312,2.544,1,19,136.5,0,0,0,0,1,0,0,0,0,0,0,0,0,0,0,52.82,34,0.344,1,0,0,0,0,0,0,0,0,0,800,790,800,800,1090,1400,76,0.254,26.5,14.3,12.98,0,136.5,0,19,21,12.819,353.28,1,0.645,0.645,0.586,2.227,0.645,0.02,0,,,,64,0,0,0,0,0,0,0,0,0,0,7,0,0,7000,7000,29,259,1440,81,54,64,74,64,47,0,39321,222,171,205,208,163,132,26222,39321
6.474,0,790,21,84,55,14.7,13.54,0.921,1,0,0,0,14,312,2.544,1,19,136.5,0,0,0,0,1,0,0,0,0,0,0,0,0,0,0,52.82,34,0.344,1,0,0,0,0,0,0,0,0,0,800,790,800,800,1090,1400,76,0.254,26.5,14.3,13.03,0,136.5,0,19,21,12.819,353.28,1,0.625,0.625,0.586,2.227,0.645,0.02,0,,,,91,0,0,0,0,0,0,0,0,0,0,7,0,0,7000,7000,29,259,1440,91,54,64,74,64,49,0,39321,222,171,205,208,163,132,26222,39321
6.534,0,792,21,84,55,14.7,13.54,0.921,1,0,0,0,14,312,2.544,1,19,136.5,0,0,0,0,1,0,0,0,0,0,0,0,0,0,0,52.82,34,0.344,1,0,0,0,0,0,0,0,0,0,800,790,800,800,1090,1400,76,0.254,26.5,14.3,12.98,0,136.5,0,19,21,12.819,353.28,1,0.625,0.625,0.586,2.227,0.645,0.02,0,,,,64,0,0,0,0,0,0,0,0,0,0,7,0,0,7000,7000,29,259,1440,91,56,62,64,64,49,0,39321,222,171,202,208,163,132,26222,39321
6.594,0,792,21,84,55,14.7,13.54,0.921,1,0,0,0,14,312,2.544,1,19,136.5,0,0,0,0,1,0,0,0,0,0,0,0,0,0,0,52.82,34,0.344,1,0,0,0,0,0,0,0,0,0,800,790,800,800,1090,1400,76,0.254,26.5,14.3,13.09,0,136.5,0,19,21,12.819,353.28,1,0.645,0.645,0.586,2.227,0.645,0.02,0,,,,49,0,0,0,0,0,0,0,0,0,0,7,0,0,7000,7000,29,259,1440,91,56,62,64,56,49,0,39321,222,171,202,208,163,132,26222,39321
6.654,0,784,21,84,55,14.7,13.54,0.921,1,0,0,0,15,312,2.544,1,19,136.5,0,0,0,0,1,0,0,0,0,0,0,0,0,0,0,52.82,34,0.344,1,0,0,0,0,0,0,0,0,0,800,780,800,800,1090,1400,76,0.254,26.5,14.3,13.09,0,136.5,0,19,21,12.819,353.28,1,0.625,0.625,0.586,2.227,0.645,0.02,0,,,,59,0,0,0,0,0,0,0,0,0,0,7,0,0,7000,7000,29,259,1440,85,59,59,64,56,49,0,39321,222,171,199,208,163,132,26222,39321
6.714,0,787,21,84,55,14.7,13.54,0.921,1,0,0,0,14,312,2.544,1,19,136.5,0,0,0,0,1,0,0,0,0,0,0,0,0,0,0,52.82,34,0.344,1,0,0,0,0,0,0,0,0,0,800,790,800,800,1090,1400,76,0.254,26.5,14.3,13.15,0,136.5,0,19,21,12.819,353.28,1,0.625,0.625,0.586,2.227,0.645,0.02,0,,,,51,0,0,0,0,0,0,0,0,0,0,7,0,0,7000,7000,29,259,1440,85,59,59,66,51,49,0,39321,222,171,199,208,160,132,26222,39321
6.774,0,784,21,84,55,14.7,13.54,0.921,1,0,0,0,15,312,2.544,1,19,136.5,0,0,0,0,1,0,0,0,0,0,0,0,0,0,0,52.82,34,0.344,1,0,0,0,0,0,0,0,0,0,800,780,800,800,1090,1400,76,0.254,26.5,14.3,13.09,0,136.5,0,19,21,12.819,353.28,1,0.645,0.645,0.586,2.227,0.645,0.02,0,,,,81,0,0,0,0,0,0,0,0,0,0,7,0,0,7000,7000,29,259,1440,81,59,59,66,51,45,0,39321,222,171,199,208,160,132,26222,39321
6.834,0,786,21,84,55,14.7,13.54,0.921,1,0,0,0,14,312,2.544,1,19,136.5,0,0,0,0,1,0,0,0,0,0,0,0,0,0,0,52.82,34,0.344,1,0,0,0,0,0,0,0,0,0,800,790,800,800,1090,1400,76,0.254,26.5,14.3,13.03,0,136.5,0,19,21,12.819,353.28,1,0.645,0.645,0.586,2.227,0.645,0.02,0,,,,76,0,0,0,0,0,0,0,0,0,0,7,0,0,7000,7000,29,259,1440,81,52,66,76,51,45,0,39321,222,171,196,210,160,132,26222,39321
6.894,0,795,21,84,55,14.7,13.54,0.921,1,0,0,0,13,312,2.544,1,20,136.5,0,0,0,0,1,0,0,0,0,0,0,0,0,0,0,52.82,34,0.344,1,0,0,0,0,0,0,0,0,0,800,800,800,800,1090,1400,76,0.254,26.5,14.3,13.03,0,136.5,0,20,21,12.819,353.28,1,0.625,0.625,0.586,2.227,0.645,0.02,0,,,,49,0,0,0,0,0,0,0,0,0,0,7,0,0,7000,7000,29,259,1440,81,52,66,76,57,49,0,39321,222,171,196,210,160,132,26222,39321
6.954,0,791,21,84,55,14.7,13.54,0.921,1,0,0,0,14,312,2.544,1,20,136.5,0,0,0,0,1,0,0,0,0,0,0,0,0,0,0,52.82,34,0.344,1,0,0,0,0,0,0,0,0,0,800,790,800,800,1090,1400,76,0.254,26.5,14.3,12.81,0,136.5,0,20,21,12.819,353.28,1,0.625,0.625,0.586,2.227,0.645,0.02,0,,,,54,0,0,0,0,0,0,0,0,0,0,7,0,0,7000,7000,29,259,1440,90,54,66,76,57,49,0,39321,222,171,196,210,160,132,26222,39321
7.014,0,789,21,84,55,14.7,13.51,0.919,1,0,0,0,14,312,2.544,1,19,136.5,0,0,0,0,1,0,0,0,0,0,0,0,0,0,0,52.82,34,0.344,1,0,0,0,0,0,0,0,0,0,800,790,800,800,1090,1400,76,0.254,26.5,14.3,12.81,0,136.5,0,19,21,12.819,353.28,1,0.625,0.625,0.586,2.227,0.645,0.02,0,,,,66,0,0,0,0,0,0,0,0,0,0,7,0,0,7000,7000,29,259,1440,90,54,69,69,66,49,0,39321,222,171,196,208,163,132,26222,39321
7.074,0,786,21,84,55,14.7,13.54,0.921,1,0,0,0,14,312,2.544,1,19,136.5,0,0,0,0,1,0,0,0,0,0,0,0,0,0,0,52.82,34,0.344,1,0,0,0,0,0,0,0,0,0,800,790,800,800,1090,1400,76,0.254,26.5,14.3,12.81,0,136.5,0,19,21,12.819,353.28,1,0.645,0.645,0.586,2.227,0.645,0.02,0,,,,71,0,0,0,0,0,0,0,0,0,0,7,0,0,7000,7000,29,259,1440,71,54,69,69,66,47,0,39321,222,171,196,208,163,132,26222,39321
7.134,0,786,21,84,55,14.7,13.54,0.921,1,0,0,0,14,312,2.544,1,19,136.5,0,0,0,0,1,0,0,0,0,0,0,0,0,0,0,52.82,34,0.344,1,0,0,0,0,0,0,0,0,0,800,790,800,800,1090,1400,76,0.254,26.5,14.3,12.81,0,136.5,0,19,21,12.819,353.28,1,0.625,0.625,0.586,2.227,0.645,0.02,0,,,,69,0,0,0,0,0,0,0,0,0,0,7,0,0,7000,7000,29,259,1440,71,54,69,69,66,47,0,39321,222,168,196,208,163,132,26222,39321
7.194,0,785,21,84,55,14.7,13.51,0.919,1,0,0,0,14,312,2.544,1,19,136.5,0,0,0,0,1,0,0,0,0,0,0,0,0,0,0,52.82,34,0.344,1,0,0,0,0,0,0,0,0,0,800,790,800,800,1090,1400,76,0.254,26.5,14.3,12.81,0,136.5,0,19,21,12.819,353.28,1,0.625,0.625,0.586,2.227,0.645,0.02,0,,,,45,0,0,0,0,0,0,0,0,0,0,7,0,0,7000,7000,29,259,1440,71,54,69,66,64,45,0,39321,222,168,196,208,163,132,26222,39321
7.254,0,787,21,84,55,14.7,13.51,0.919,1,0,0,0,14,312,2.544,1,19,136.5,0,0,0,0,1,0,0,0,0,0,0,0,0,0,0,52.82,34,0.344,1,0,0,0,0,0,0,0,0,0,800,790,800,800,1090,1400,76,0.254,26.5,14.3,12.92,0,136.5,0,19,21,12.819,353.28,1,0.645,0.645,0.586,2.227,0.645,0.02,0,,,,57,0,0,0,0,0,0,0,0,0,0,7,0,0,7000,7000,29,259,1440,78,57,69,66,64,45,0,39321,222,168,196,208,163,132,26222,39321
7.314,0,783,21,84,55,14.7,13.51,0.919,1,0,0,0,15,312,2.544,1,19,136.5,0,0,0,0,1,0,0,0,0,0,0,0,0,0,0,52.82,34,0.344,1,0,0,0,0,0,0,0,0,0,800,780,800,800,1090,1400,76,0.254,26.5,14.3,13.03,0,136.5,0,19,21,12.819,353.28,1,0.625,0.625,0.586,2.227,0.645,0.02,0,,,,61,0,0,0,0,0,0,0,0,0,0,7,0,0,7000,7000,29,259,1440,78,57,64,79,61,45,0,39321,222,168,194,208,165,132,26222,39321
7.374,0,789,21,84,55,14.7,13.51,0.919,1,0,0,0,14,312,2.544,1,19,136.5,0,0,0,0,1,0,0,0,0,0,0,0,0,0,0,52.82,34,0.344,1,0,0,0,0,0,0,0,0,0,800,790,800,800,1090,1400,76,0.254,26.5,14.3,12.92,0,136.5,0,19,21,12.819,353.28,1,0.625,0.625,0.586,2.227,0.645,0.02,0,,,,85,0,0,0,0,0,0,0,0,0,0,7,0,0,7000,7000,29,259,1440,85,57,64,79,61,49,0,39321,222,168,194,208,165,132,26222,39321
7.434,0,792,21,84,55,14.7,13.48,0.917,1,0,0,0,14,312,2.544,1,19,136.5,0,0,0,0,1,0,0,0,0,0,0,0,0,0,0,52.82,34,0.344,1,0,0,0,0,0,0,0,0,0,800,790,800,800,1090,1400,76,0.254,26.5,14.3,12.98,0,136.5,0,19,21,12.819,353.28,1,0.645,0.645,0.586,2.227,0.645,0.02,0,,,,66,0,0,0,0,0,0,0,0,0,0,7,0,0,7000,7000,29,259,1440,85,52,66,79,61,49,0,39321,222,168,191,208,165,132,26222,39321
7.494,0,793,21,84,55,14.7,13.51,0.919,1,0,0,0,14,312,2.544,1,20,136.5,0,0,0,0,1,0,0,0,0,0,0,0,0,0,0,52.82,34,0.344,1,0,0,0,0,0,0,0,0,0,800,790,800,800,1090,1400,76,0.254,26.5,14.3,12.98,0,136.5,0,20,21,12.819,353.28,1,0.625,0.625,0.586,2.227,0.645,0.02,0,,,,45,0,0,0,0,0,0,0,0,0,0,7,0,0,7000,7000,29,259,1440,85,52,66,73,61,45,0,39321,222,168,191,208,168,129,26222,39321
7.554,0,796,21,84,55,14.7,13.51,0.919,1,0,0,0,13,312,2.544,1,20,136.5,0,0,0,0,1,0,0,0,0,0,0,0,0,0,0,52.82,34,0.344,1,0,0,0,0,0,0,0,0,0,800,800,800,800,1090,1400,76,0.254,26.5,14.3,12.81,0,136.5,0,20,21,12.819,353.28,1,0.645,0.645,0.586,2.227,0.645,0.02,0,,,,51,0,0,0,0,0,0,0,0,0,0,7,0,0,7000,7000,29,259,1440,79,51,66,73,61,45,0,39321,222,168,191,208,168,129,26222,39321
7.614,0,797,21,84,55,14.7,13.51,0.919,1,0,0,0,13,312,2.544,1,20,136.5,0,0,0,0,1,0,0,0,0,0,0,0,0,0,0,52.82,34,0.344,1,0,0,0,0,0,0,0,0,0,800,800,800,800,1090,1400,76,0.254,26.5,14.3,12.92,0,136.5,0,20,21,12.819,353.28,1,0.625,0.625,0.586,2.227,0.645,0.02,0,,,,91,0,0,0,0,0,0,0,0,0,0,7,0,0,7000,7000,29,259,1440,79,51,59,91,61,45,0,39321,222,168,188,210,168,129,26222,39321
7.674,0,793,21,84,55,14.7,13.51,0.919,1,0,0,0,14,312,2.544,1,20,136.33,0,0,0,0,1,0,0,0,0,0,0,0,0,0,0,52.6,34,0.344,1,0,0,0,0,0,0,0,0,0,800,790,800,800,1090,1400,76,0.254,26.5,14.3,12.98,0,136.33,0,20,21,12.819,353.28,1,0.625,0.625,0.586,2.227,0.645,0.02,0,,,,76,0,0,0,0,0,0,0,0,0,0,7,0,0,7000,7000,29,259,1440,76,51,59,91,64,49,0,39321,222,168,188,210,171,129,26222,39321
7.734,0,788,21,84,55,14.7,13.51,0.919,1,0,0,0,14,312,2.536,1,19,136.17,0,0,0,0,1,0,0,0,0,0,0,0,0,0,0,52.6,34,0.344,1,0,0,0,0,0,0,0,0,0,800,790,800,800,1090,1400,76,0.254,26.5,14.3,12.98,0,136.17,0,19,21,12.819,353.28,1,0.625,0.625,0.586,2.207,0.645,0.02,0,,,,64,0,0,0,0,0,0,0,0,0,0,7,0,0,7000,7000,29,259,1440,76,54,64,91,64,49,0,39321,222,165,188,210,171,129,26222,39321
7.794,0,782,21,84,55,14.7,13.51,0.919,1,0,0,0,15,312,2.544,1,19,136.33,0,0,0,0,1,0,0,0,0,0,0,0,0,0,0,52.82,34,0.344,1,0,0,0,0,0,0,0,0,0,800,780,800,800,1090,1400,76,0.254,26.5,14.3,12.86,0,136.33,0,19,21,12.819,353.28,1,0.625,0.625,0.586,2.207,0.645,0.02,0,,,,47,0,0,0,0,0,0,0,0,0,0,7,0,0,7000,7000,29,259,1440,76,54,64,74,59,47,0,39321,222,165,188,210,171,129,26222,39321
7.854,0,781,21,84,55,14.7,13.51,0.919,1,0,0,0,15,312,2.544,1,19,136.33,0,0,0,0,1,0,0,0,0,0,0,0,0,0,0,52.82,34,0.344,1,0,0,0,0,0,0,0,0,0,800,780,800,800,1090,1400,76,0.254,26.5,14.3,12.92,0,136.33,0,19,21,12.819,353.28,1,0.645,0.645,0.586,2.207,0.645,0.02,0,,,,57,0,0,0,0,0,0,0,0,0,0,7,0,0,7000,7000,29,259,1440,83,57,64,74,59,47,0,39321,222,165,188,210,171,129,26222,39321
7.914,0,781,21,84,55,14.7,13.51,0.919,1,0,0,0,15,312,2.544,1,19,136.5,0,0,0,0,1,0,0,0,0,0,0,0,0,0,0,52.82,34,0.344,1,0,0,0,0,0,0,0,0,0,800,780,800,800,1090,1400,76,0.25,26.5,14.3,13.09,0,136.5,0,19,21,12.819,353.28,1,0.645,0.645,0.586,2.207,0.645,0.02,0,,,,70,0,0,0,0,0,0,0,0,0,0,7,0,0,7000,7000,29,259,1440,83,57,62,70,59,47,0,39321,222,165,188,208,171,129,26222,39321
7.974,0,783,21,84,55,14.7,13.51,0.919,1,0,0,0,15,312,2.544,1,19,136.5,0,0,0,0,1,0,0,0,0,0,0,0,0,0,0,52.82,34,0.344,1,0,0,0,0,0,0,0,0,0,800,780,800,800,1090,1400,76,0.254,26.5,14.3,13.03,0,136.5,0,19,21,12.819,353.28,1,0.625,0.625,0.586,2.207,0.645,0.02,0,,,,86,0,0,0,0,0,0,0,0,0,0,7,0,0,7000,7000,29,259,1440,86,57,62,70,57,42,0,39321,222,165,188,208,171,129,26222,39321
8.034,0,785,21,84,55,14.7,13.51,0.919,1,0,0,0,14,312,2.544,1,19,136.5,0,0,0,0,1,0,0,0,0,0,0,0,0,0,0,52.82,34,0.344,1,0,0,0,0,0,0,0,0,0,800,790,800,800,1090,1400,76,0.254,26.5,14.3,13.03,0,136.5,0,19,21,12.819,353.28,1,0.625,0.625,0.586,2.207,0.645,0.02,0,,,,61,0,0,0,0,0,0,0,0,0,0,7,0,0,7000,7000,29,259,1440,86,51,61,70,57,42,0,39321,222,165,185,208,171,129,26222,39321
8.094,0,796,21,84,55,14.7,13.51,0.919,1,0,0,0,13,312,2.544,1,20,136.5,0,0,0,0,1,0,0,0,0,0,0,0,0,0,0,52.82,34,0.344,1,0,0,0,0,0,0,0,0,0,800,800,800,800,1090,1400,76,0.254,26.5,14.3,12.98,0,136.5,0,20,21,12.819,353.28,1,0.645,0.645,0.586,2.207,0.645,0.02,0,,,,49,0,0,0,0,0,0,0,0,0,0,7,0,0,7000,7000,29,259,1440,86,51,61,76,49,42,0,39321,222,165,185,210,168,129,26222,39321
8.154,0,802,21,84,55,14.7,13.51,0.919,1,0,0,0,13,312,2.544,1,20,136.5,0,0,0,0,1,0,0,0,0,0,0,0,0,0,0,52.82,34,0.344,1,0,0,0,0,0,0,0,0,0,800,800,800,800,1090,1400,76,0.254,26.5,14.3,12.92,0,136.5,0,20,21,12.819,353.28,1,0.625,0.625,0.586,2.207,0.645,0.02,0,,,,52,0,0,0,0,0,0,0,0,0,0,7,0,0,7000,7000,29,259,1440,79,52,61,76,49,47,0,39321,222,163,185,210,168,129,26222,39321
8.214,0,802,21,84,55,14.7,13.51,0.919,1,0,0,0,13,312,2.544,1,20,136.33,0,0,0,0,1,0,0,0,0,0,0,0,0,0,0,52.82,34,0.344,1,0,0,0,0,0,0,0,0,0,800,800,800,800,1090,1400,76,0.254,26.5,14.3,12.75,0,136.33,0,20,21,12.819,353.28,1,0.645,0.645,0.586,2.207,0.645,0.02,0,,,,88,0,0,0,0,0,0,0,0,0,0,7,0,0,7000,7000,29,259,1440,79,52,79,88,49,47,0,39321,222,163,188,213,168,129,26222,39321
8.274,0,801,21,84,55,14.7,13.51,0.919,1,0,0,0,13,312,2.536,1,20,136.17,0,0,0,0,1,0,0,0,0,0,0,0,0,0,0,52.6,34,0.344,1,0,0,0,0,0,0,0,0,0,800,800,800,800,1090,1400,76,0.254,26.5,14.3,12.81,0,136.17,0,20,21,12.819,353.28,1,0.625,0.625,0.586,2.207,0.645,0.02,0,,,,79,0,0,0,0,0,0,0,0,0,0,7,0,0,7000,7000,29,259,1440,79,52,79,88,59,54,0,39321,222,163,188,213,168,132,26222,39321
8.334,0,798,21,84,55,14.7,13.51,0.919,1,0,0,0,13,312,2.536,1,20,136,0,0,0,0,1,0,0,0,0,0,0,0,0,0,0,52.6,34,0.344,1,0,0,0,0,0,0,0,0,0,800,800,800,800,1090,1400,76,0.254,26.5,14.3,12.86,0,136,0,20,21,12.819,353.28,1,0.625,0.625,0.586,2.207,0.645,0.02,0,,,,62,0,0,0,0,0,0,0,0,0,0,7,0,0,7000,7000,29,259,1440,79,56,62,88,59,54,0,39321,222,160,188,213,168,132,26222,39321
8.394,0,792,21,84,55,14.7,13.51,0.919,1,0,0,0,14,312,2.536,1,20,136,0,0,0,0,1,0,0,0,0,0,0,0,0,0,0,52.6,34,0.344,1,0,0,0,0,0,0,0,0,0,800,790,800,800,1090,1400,76,0.254,26.5,14.3,12.81,0,136,0,20,21,12.819,353.28,1,0.645,0.645,0.586,2.207,0.645,0.02,0,,,,54,0,0,0,0,0,0,0,0,0,0,7,0,0,7000,7000,29,259,1440,79,56,62,83,54,54,0,39321,222,160,188,216,165,132,26222,39321
