Время, с;Обороты;Нагрузка (ось карт);Наполнение мгновенное;Дроссель открытие;Впрыск, мс;Мёртвое время форсунки;Обогащение ускорения;УОЗ сырьё;УОЗ из карты;Поправка угла по детонации, °;Давление, кПа;Расход (прослойка);VE (ДАД);Ktps (ДАД);Коррекция по лямбде;Живая карта;Состояние указателя;Индекс температурных таблиц;РХХ / контур холостого;УОЗ, градусы;Нагрузка TP;Газ, %;Впрыск расчётный, мс;Загрузка форсунок, %;K форсунок;КМ (ДАД);AFR цель;AFR факт (ШДК);Поправка VE (факт/цель);ФЛАГ Отсечка;ФЛАГ Впрыск разрешён;ФЛАГ Замкнутый цикл;ФЛАГ Крэнк;ФЛАГ Нейтраль;ФЛАГ Холостой ход;ФЛАГ Стартер;ФЛАГ Неисправность TPS;ФЛАГ $0053.08 гейт наката;ФЛАГ $0053.40 гейт наката;ФЛАГ $0053.80 не разобран;АЦП Расходомер/ДАД;АЦП Дроссель;АЦП Напряжение борта;АЦП Температура ОЖ;АЦП Лямбда;АЦП канал 9 (свободный)
1.44;0.0;0;0;1;5.0;92;0;50;32;0;106;0;0.8;1.0;1.0;0;0;135;0;20;0.0;0.6;2.46;;345;128;14.7;;;0;0;0;0;1;1;0;0;0;1;0;669;;136;127;0;154
1.64;0.0;0;0;1;5.0;92;0;50;32;0;106;0;0.8;1.0;1.0;0;0;135;0;20;0.0;0.6;2.46;;345;128;14.7;;;0;0;0;0;1;1;0;0;0;1;0;669;;136;127;0;154
2.03;0.0;0;0;1;5.0;92;0;50;32;0;105;0;0.8;1.0;1.0;0;0;135;0;20;0.0;0.6;2.46;;345;128;14.7;;;0;0;0;0;1;1;0;0;0;1;0;667;;136;127;0;149
2.43;0.0;0;0;1;5.0;92;0;50;32;0;105;0;0.8;1.0;1.0;0;0;135;0;20;0.0;0.6;2.46;;345;128;14.7;;;0;0;0;0;1;1;0;0;0;1;0;667;;136;127;0;149
2.84;0.0;0;0;1;5.0;92;0;50;32;0;105;0;0.8;1.0;1.0;0;0;135;0;20;0.0;0.6;2.46;;345;128;14.7;;;0;0;0;0;1;1;0;0;0;1;0;667;;136;127;0;50
3.25;0.0;0;0;1;5.0;92;0;50;32;0;105;0;0.8;1.0;1.0;0;0;135;0;20;0.0;0.6;2.46;;345;128;14.7;;;0;0;0;0;1;1;0;0;0;1;0;667;;136;127;0;148
3.65;0.0;0;0;1;5.0;92;0;50;32;0;105;0;0.8;1.0;1.0;0;0;135;0;20;0.0;0.6;2.46;;345;128;14.7;;;0;0;0;0;1;1;0;0;0;1;0;667;;136;127;0;154
4.04;0.0;0;0;1;5.0;92;0;50;32;0;105;0;0.8;1.0;1.0;0;0;135;0;20;0.0;0.6;2.46;;345;128;14.7;;;0;0;0;0;1;1;0;0;0;1;0;667;;136;127;0;154
4.46;0.0;0;0;1;5.0;92;0;50;32;0;105;0;0.8;1.0;1.0;0;0;135;0;20;0.0;0.6;2.46;;345;128;14.7;;;0;0;0;0;1;1;0;0;0;1;0;667;;136;127;0;146
4.86;0.0;0;0;1;5.0;92;0;50;32;0;105;0;0.8;1.0;1.0;0;0;135;0;20;0.0;0.6;2.46;;345;128;14.7;;;0;0;0;0;1;1;0;0;0;1;0;667;;136;127;0;149
5.25;0.0;0;0;1;5.0;92;0;50;32;0;105;0;0.8;1.0;1.0;0;0;135;0;20;0.0;0.6;2.46;;345;128;14.7;;;0;0;0;0;1;1;0;0;0;1;0;667;;136;127;0;154
5.66;0.0;0;0;1;5.0;92;0;50;32;0;105;0;0.8;1.0;1.0;0;0;135;0;20;0.0;0.6;2.46;;345;128;14.7;;;0;0;0;0;1;1;0;0;0;1;0;667;;136;127;0;154
6.07;0.0;0;0;1;5.0;92;0;50;32;0;105;0;0.8;1.0;1.0;0;0;135;0;20;0.0;0.6;2.46;;345;128;14.7;;;0;0;0;0;1;1;0;0;0;1;0;667;;136;127;0;150
6.28;0.0;0;0;1;5.0;92;0;50;32;0;105;0;0.8;1.0;1.0;0;0;135;0;20;0.0;0.6;2.46;;345;128;14.7;;;0;0;0;0;1;1;0;0;0;1;0;667;;136;127;0;154
6.67;0.0;0;0;1;5.0;92;0;50;32;0;105;0;0.8;1.0;1.0;0;0;135;0;20;0.0;0.6;2.46;;345;128;14.7;;;0;0;0;0;1;1;0;0;0;1;0;667;;136;127;0;154
7.08;0.0;0;0;1;5.0;92;0;50;32;0;105;0;0.8;1.0;1.0;0;0;135;0;20;0.0;0.6;2.46;;345;128;14.7;;;0;0;0;0;1;1;0;0;0;1;0;667;;136;127;0;150
7.47;0.0;0;0;1;5.0;92;0;50;32;0;105;0;0.8;1.0;1.0;0;0;135;0;20;0.0;0.6;2.46;;345;128;14.7;;;0;0;0;0;1;1;0;0;0;1;0;667;;136;127;0;154
7.89;0.0;0;0;1;5.0;92;0;50;32;0;105;0;0.8;1.0;1.0;0;0;135;0;20;0.0;0.6;2.46;;345;128;14.7;;;0;0;0;0;1;1;0;0;0;1;0;667;;136;127;0;154
8.29;0.0;0;0;1;5.0;92;0;50;32;0;105;0;0.8;1.0;1.0;0;0;135;0;20;0.0;0.6;2.46;;345;128;14.7;;;0;0;0;0;1;1;0;0;0;1;0;667;;136;127;0;149
8.68;0.0;0;0;1;5.0;92;0;50;32;0;105;0;0.8;1.0;1.0;0;0;135;0;20;0.0;0.6;2.46;;345;128;14.7;;;0;0;0;0;1;1;0;0;0;1;0;667;;136;127;0;150
9.1;0.0;0;0;1;5.0;92;0;50;32;0;105;0;0.8;1.0;1.0;0;0;135;0;20;0.0;0.6;2.46;;345;128;14.7;;;0;0;0;0;1;1;0;0;0;1;0;667;;136;127;0;154
9.5;0.0;0;0;1;5.0;92;0;50;32;0;105;0;0.8;1.0;1.0;0;0;135;0;20;0.0;0.6;2.46;;345;128;14.7;;;0;0;0;0;1;1;0;0;0;1;0;667;;136;127;0;154
9.89;0.0;0;0;1;5.0;92;0;50;32;0;105;0;0.8;1.0;1.0;0;0;135;0;20;0.0;0.6;2.46;;345;128;14.7;;;0;0;0;0;1;1;0;0;0;1;0;667;;136;127;0;150
10.29;0.0;0;0;1;5.0;92;0;50;32;0;105;0;0.8;1.0;1.0;0;0;135;0;20;0.0;0.6;2.46;;345;128;14.7;;;0;0;0;0;1;1;0;0;0;1;0;667;;136;127;0;154
10.69;0.0;0;0;1;5.0;92;0;50;32;0;106;0;0.8;1.0;1.0;0;0;135;0;20;0.0;0.6;2.46;;345;128;14.7;;;0;0;0;0;1;1;0;0;0;1;0;668;;136;127;0;154
11.1;0.0;0;0;1;5.0;92;0;50;32;0;105;0;0.8;1.0;1.0;0;0;135;0;20;0.0;0.6;2.46;;345;128;14.7;;;0;0;0;0;1;1;0;0;0;1;0;667;;136;127;0;74
11.5;0.0;0;0;1;5.0;92;0;50;32;0;105;0;0.8;1.0;1.0;0;0;135;0;20;0.0;0.6;2.46;;345;128;14.7;;;0;0;0;0;1;1;0;0;0;1;0;667;;136;127;0;150
11.9;0.0;0;0;1;5.0;92;0;50;32;0;105;0;0.8;1.0;1.0;0;0;135;0;20;0.0;0.6;2.46;;345;128;14.7;;;0;0;0;0;1;1;0;0;0;1;0;667;;136;127;0;154
12.32;0.0;0;0;1;5.0;92;0;50;32;0;105;0;0.8;1.0;1.0;0;0;135;0;20;0.0;0.6;2.46;;345;128;14.7;;;0;0;0;0;1;1;0;0;0;1;0;667;;136;127;0;154
12.51;0.0;0;0;1;5.0;91;0;50;32;0;105;0;0.8;1.0;1.0;0;0;135;0;20;0.0;0.6;2.46;;345;128;14.7;;;0;0;0;0;1;1;0;0;0;1;0;667;;137;127;0;150
12.91;0.0;0;0;1;5.0;92;0;50;32;0;105;0;0.8;1.0;1.0;0;0;135;0;20;0.0;0.6;2.46;;345;128;14.7;;;0;0;0;0;1;1;0;0;0;1;0;667;;136;127;0;154
13.33;0.0;0;0;1;5.0;92;0;50;32;0;105;0;0.8;1.0;1.0;0;0;135;0;20;0.0;0.6;2.46;;345;128;14.7;;;0;0;0;0;1;1;0;0;0;1;0;667;;136;127;0;154
13.71;0.0;0;0;1;5.0;92;0;50;32;0;105;0;0.8;1.0;1.0;0;0;135;0;20;0.0;0.6;2.46;;345;128;14.7;;;0;0;0;0;1;1;0;0;0;1;0;667;;136;127;0;146
14.13;0.0;0;0;1;5.0;92;0;50;32;0;105;0;0.8;1.0;1.0;0;0;135;0;20;0.0;0.6;2.46;;345;128;14.7;;;0;0;0;0;1;1;0;0;0;1;0;667;;136;127;0;150
14.53;0.0;0;0;1;5.0;92;0;50;32;0;105;0;0.8;1.0;1.0;0;0;135;0;20;0.0;0.6;2.46;;345;128;14.7;;;0;0;0;0;1;1;0;0;0;1;0;666;;136;127;0;154
14.91;0.0;0;0;1;5.0;92;0;50;32;0;105;0;0.8;1.0;1.0;0;0;135;0;20;0.0;0.6;2.46;;345;128;14.7;;;0;0;0;0;1;1;0;0;0;1;0;666;;136;127;0;154
15.33;0.0;0;0;1;5.0;92;0;50;32;0;105;0;0.8;1.0;1.0;0;0;135;0;20;0.0;0.6;2.46;;345;128;14.7;;;0;0;0;0;1;1;0;0;0;1;0;666;;136;127;0;150
15.73;0.0;0;0;1;5.0;92;0;50;32;0;105;0;0.8;1.0;1.0;0;0;135;0;20;0.0;0.6;2.46;;345;128;14.7;;;0;0;0;0;1;1;0;0;0;1;0;665;;136;127;0;154
16.12;0.0;0;0;1;5.0;92;0;50;32;0;105;0;0.8;1.0;1.0;0;0;135;0;20;0.0;0.6;2.46;;345;128;14.7;;;0;0;0;0;1;1;0;0;0;1;0;665;;136;127;0;154
16.54;0.0;0;0;1;5.0;92;0;50;32;0;105;0;0.8;1.0;1.0;0;0;135;0;20;0.0;0.6;2.46;;345;128;14.7;;;0;0;0;0;1;1;0;0;0;1;0;666;;136;127;0;51
16.94;0.0;0;0;1;5.0;92;0;50;32;0;105;0;0.8;1.0;1.0;0;0;135;0;20;0.0;0.6;2.46;;345;128;14.7;;;0;0;0;0;1;1;0;0;0;1;0;664;;136;127;0;150
17.34;0.0;0;0;1;5.0;92;0;50;32;0;105;0;0.8;1.0;1.0;0;0;135;0;20;0.0;0.6;2.46;;345;128;14.7;;;0;0;0;0;1;1;0;0;0;1;0;664;;136;127;0;154
17.75;0.0;0;0;1;5.0;91;0;50;32;0;106;0;0.8;1.0;1.0;0;0;135;0;20;0.0;0.6;2.46;;345;128;14.7;;;0;0;0;0;1;1;0;0;0;1;0;668;;137;127;0;154
18.14;0.0;0;0;1;5.0;91;0;50;32;0;106;0;0.8;1.0;1.0;0;0;135;0;20;0.0;0.6;2.46;;345;128;14.7;;;0;0;0;0;1;1;0;0;0;1;0;668;;137;127;0;51
18.53;0.0;0;0;1;5.0;90;0;50;32;0;106;0;0.8;1.0;1.0;0;0;135;0;20;0.0;0.6;2.45;;345;128;14.7;11.61;0.79;0;0;0;0;1;1;0;0;0;1;0;668;;138;127;0;154
18.74;0.0;0;0;1;5.0;89;0;50;32;0;105;0;0.8;1.0;1.0;0;0;135;0;20;0.0;0.6;2.44;;345;128;14.7;11.61;0.79;0;0;0;0;1;1;0;0;0;1;0;667;;139;127;0;154
19.14;0.0;0;0;1;5.0;89;0;50;32;0;105;0;0.8;1.0;1.0;0;0;135;0;20;0.0;0.6;2.44;;345;128;14.7;11.61;0.79;0;0;0;0;1;1;0;0;0;1;0;666;;139;127;0;155
19.56;0.0;0;0;1;5.0;90;0;50;32;0;105;0;0.8;1.0;1.0;0;0;135;0;20;0.0;0.6;2.45;;345;128;14.7;11.21;0.763;0;0;0;0;1;1;0;0;0;1;0;664;;138;127;0;150
19.94;0.0;0;0;1;5.0;90;0;50;32;0;105;0;0.8;1.0;1.0;0;0;135;0;20;0.0;0.6;2.45;;345;128;14.7;11.21;0.763;0;0;0;0;1;1;0;0;0;1;0;664;;138;127;0;154
20.35;0.0;0;0;1;5.0;90;0;50;32;0;105;0;0.8;1.0;1.0;0;0;135;0;20;0.0;0.6;2.45;;345;128;14.7;11.21;0.763;0;0;0;0;1;1;0;0;0;1;0;665;;138;127;0;154
20.76;0.0;0;0;1;5.0;91;0;50;32;0;105;0;0.8;1.0;1.0;0;0;135;0;20;0.0;0.6;2.46;;345;128;14.7;10.91;0.742;0;0;0;0;1;1;0;0;0;1;0;665;;137;127;0;74
21.16;0.0;0;0;1;5.0;91;0;50;32;0;105;0;0.8;1.0;1.0;0;0;135;0;20;0.0;0.6;2.46;;345;128;14.7;10.91;0.742;0;0;0;0;1;1;0;0;0;1;0;665;;137;127;0;150
21.56;0.0;0;0;1;5.0;91;0;50;32;0;105;0;0.8;1.0;1.0;0;0;135;0;20;0.0;0.6;2.46;;345;128;14.7;10.71;0.729;0;0;0;0;1;1;0;0;0;1;0;666;;137;127;0;154
21.96;0.0;0;0;1;5.0;91;0;50;32;0;105;0;0.8;1.0;1.0;0;0;135;0;20;0.0;0.6;2.46;;345;128;14.7;10.71;0.729;0;0;0;0;1;1;0;0;0;1;0;667;;137;127;0;154
22.36;0.0;0;0;1;5.0;91;0;50;32;0;105;0;0.8;1.0;1.0;0;0;135;0;20;0.0;0.6;2.46;;345;128;14.7;10.71;0.729;0;0;0;0;1;1;0;0;0;1;0;667;;137;127;0;150
22.78;0.0;0;0;1;5.0;91;0;50;32;0;106;0;0.8;1.0;1.0;0;0;135;0;20;0.0;0.6;2.46;;345;128;14.7;10.91;0.742;0;0;0;0;1;1;0;0;0;1;0;668;;137;127;0;150
23.17;102;44;44;0;5.06;111;0;62;8;0;88;1;0.68;1.0;1.0;0;0;136;0;8;5.5;0.0;2.58;0.4;345;128;14.7;10.91;0.742;0;1;0;1;1;1;1;0;0;1;0;537;;115;125;0;73
23.56;1319;25;25;1;6.53;81;0;40;29;0;55;8;0.48;1.0;1.0;0;0;136;0;30;3.12;0.6;3.02;7.2;345;128;14.7;11.31;0.769;0;1;0;0;1;1;0;0;0;1;0;285;;150;127;6;82
23.97;845;23;23;1;6.15;82;0;44;26;0;56;4;0.44;1.0;1.0;0;0;136;0;26;2.88;0.6;2.87;4.3;345;128;14.47;11.31;0.782;0;1;0;0;1;1;0;0;0;1;0;295;;151;128;6;51
24.37;1063;31;31;1;7.76;79;0;44;26;0;60;7;0.52;1.0;1.0;0;0;136;0;26;3.88;0.6;3.5;6.9;345;128;14.7;10.11;0.688;0;1;0;0;1;1;0;0;0;1;0;322;;151;128;5;41
24.78;922;26;26;1;6.66;81;0;44;26;0;57;5;0.46;1.0;1.0;0;0;136;0;26;3.25;0.6;3.07;5.1;345;128;14.47;10.11;0.699;0;1;0;0;1;1;0;0;0;1;0;302;;150;128;5;83
24.98;1012;28;28;1;7.03;79;0;44;26;0;58;6;0.48;1.0;1.0;0;0;136;0;26;3.5;0.6;3.21;5.9;345;128;14.47;10.11;0.699;0;1;0;0;1;1;0;0;0;1;0;315;;153;128;5;42
25.39;922;26;26;1;6.53;79;0;44;26;0;57;5;0.46;1.0;1.0;0;0;136;0;26;3.25;0.6;3.01;5.0;345;128;14.47;9.11;0.63;0;1;0;0;1;1;0;0;0;1;0;305;;154;127;4;44
25.79;973;25;25;1;6.36;79;0;44;26;0;56;5;0.46;1.0;1.0;0;0;136;0;26;3.12;0.6;2.94;5.2;345;128;14.47;9.11;0.63;0;1;0;0;1;1;0;0;0;1;0;298;;154;128;4;82
26.18;986;28;28;1;6.87;80;0;44;26;0;58;6;0.48;1.0;1.0;0;0;136;0;26;3.5;0.6;3.15;5.6;345;128;14.47;9.11;0.63;0;1;0;0;1;1;0;0;0;1;0;308;;152;128;4;83
26.6;986;26;26;1;6.61;79;0;44;26;0;57;6;0.47;1.0;1.0;0;0;136;0;26;3.25;0.6;3.04;5.4;345;128;14.47;9.31;0.643;0;1;0;0;1;1;0;0;0;1;0;307;;152;128;4;84
27.0;973;26;26;1;6.53;79;0;44;26;0;57;5;0.47;1.0;1.0;0;0;136;0;26;3.25;0.6;3.01;5.3;345;128;14.47;9.31;0.643;0;1;0;0;1;1;0;0;0;1;0;305;;152;128;4;40
27.4;1037;27;27;1;6.71;77;0;44;26;0;58;6;0.49;1.0;1.0;0;0;136;0;26;3.38;0.6;3.07;5.8;345;128;14.7;9.41;0.64;0;1;0;0;1;1;0;0;0;1;0;309;;156;128;3;84
27.79;999;27;27;1;6.51;79;0;44;26;0;57;6;0.47;1.0;1.0;0;0;136;0;26;3.38;0.6;3.0;5.4;345;128;14.47;9.41;0.65;0;1;0;0;1;1;0;0;0;1;0;304;;154;127;3;84
28.19;1063;28;28;1;6.73;77;0;44;26;0;58;6;0.5;1.0;1.0;0;0;136;0;26;3.5;0.6;3.08;6.0;345;128;14.7;9.41;0.64;0;1;0;0;1;1;0;0;0;1;0;308;;156;128;3;83
28.61;973;26;26;1;6.32;76;0;44;26;0;57;5;0.47;1.0;1.0;0;0;136;0;26;3.25;0.6;2.91;5.1;345;128;14.47;9.11;0.63;0;1;0;0;1;1;0;0;0;1;0;302;;157;128;3;83
29.0;973;27;27;1;6.48;77;0;44;26;0;57;6;0.47;1.0;1.0;0;0;136;0;26;3.38;0.6;2.98;5.3;345;128;14.47;9.11;0.63;0;1;0;0;1;1;0;0;0;1;0;306;;154;127;3;54
29.4;1857;86;86;6;21;79;0;40;30;0;92;31;0.84;1.0;1.0;0;0;136;0;30;10.75;3.5;8.91;32.9;345;128;13.07;11.41;0.873;0;1;0;0;1;0;0;0;0;1;0;564;;154;127;3;108
29.8;1345;16;16;1;4.3;76;0;42;30;0;49;5;0.35;1.0;1.0;0;0;136;0;28;2.0;0.6;2.1;4.8;345;128;14.7;11.41;0.776;0;1;0;0;1;1;0;0;0;1;0;245;;158;128;3;75
30.2;973;25;25;1;6.08;77;0;44;26;0;56;5;0.46;1.0;1.0;0;0;136;0;26;3.12;0.6;2.82;4.9;345;128;14.47;11.41;0.789;0;1;0;0;1;1;0;0;0;1;0;296;;156;128;2;82
30.61;973;26;26;1;6.33;77;0;44;26;0;57;6;0.47;1.0;1.0;0;0;136;0;26;3.25;0.6;2.92;5.1;345;128;14.47;9.21;0.636;0;1;0;0;1;1;0;0;0;1;0;305;;157;128;2;52
31.01;1012;26;26;1;6.27;78;0;44;26;0;57;6;0.47;1.0;1.0;0;0;136;0;26;3.25;0.6;2.9;5.3;345;128;14.47;9.21;0.636;0;1;0;0;1;1;0;0;0;1;0;300;;155;128;2;83
31.21;1037;27;27;1;6.3;76;0;44;26;0;57;6;0.48;1.0;1.0;0;0;136;0;26;3.38;0.6;2.9;5.4;345;128;14.7;9.21;0.627;0;1;0;0;1;1;0;0;0;1;0;301;;157;128;2;83
31.61;986;25;25;1;6.02;78;0;44;26;0;56;5;0.46;1.0;1.0;0;0;136;0;26;3.12;0.6;2.8;4.9;345;128;14.47;8.81;0.609;0;1;0;0;1;1;0;0;0;1;0;295;;155;127;2;83
32.01;999;33;33;1;7.48;76;0;45;25;0;62;7;0.54;1.0;1.0;0;0;139;0;25;4.12;0.6;3.37;6.2;345;128;14.59;8.81;0.604;0;1;0;0;1;1;0;0;0;1;0;340;;157;119;1;86
32.42;346;46;46;1;0.0;84;0;40;30;0;81;4;0.62;1.0;1.0;0;0;141;0;30;5.75;0.6;0.42;0.0;345;128;14.7;10.91;0.742;1;1;0;0;0;1;0;0;0;1;0;483;;147;117;0;108
32.81;64;44;44;1;0.0;83;0;40;30;0;108;1;0.83;1.0;1.0;0;0;141;0;30;5.5;0.6;0.42;0.0;345;128;14.7;10.91;0.742;1;1;0;0;0;1;0;0;0;1;0;684;;148;117;0;51
33.23;0.0;20;20;1;0.0;84;0;40;30;0;108;0;0.83;1.0;1.0;0;0;141;0;30;2.5;0.6;0.42;;345;128;14.7;10.91;0.742;1;1;0;0;0;1;0;0;1;1;1;689;;146;117;0;155
33.64;0.0;20;20;1;0.0;84;0;40;30;0;108;0;0.83;1.0;1.0;0;0;141;0;30;2.5;0.6;0.42;;345;128;14.7;10.11;0.688;1;1;0;0;0;1;0;0;1;1;1;689;;146;118;0;51
34.04;0.0;20;20;1;0.0;84;0;40;30;0;108;0;0.83;1.0;1.0;0;0;141;0;30;2.5;0.6;0.42;;345;128;14.7;10.11;0.688;1;1;0;0;0;1;0;0;1;1;1;689;;146;118;0;51
34.43;0.0;0;0;0;5.0;82;0;64;30;0;108;0;0.83;1.0;1.0;0;0;141;0;6;0.0;0.0;2.41;;345;128;14.7;10.11;0.688;1;0;0;0;0;1;0;0;1;1;1;689;;148;118;0;155
34.83;0.0;0;0;0;5.0;81;0;50;30;0;108;0;0.83;1.0;1.0;0;0;141;0;20;0.0;0.0;2.41;;345;128;14.7;10.11;0.688;1;0;0;0;0;1;0;0;1;1;1;689;;150;118;0;155
35.24;0.0;0;0;0;5.0;81;0;50;30;0;108;0;0.83;1.0;1.0;0;0;141;0;20;0.0;0.0;2.41;;345;128;14.7;10.11;0.688;1;0;0;0;0;1;0;0;1;1;1;689;;150;118;0;141
